XML Item Name,Type,Description
TXHDRSciEvtLen,U32,"Length of raw science data in memory including this FPGA pre-pended metadata header but excludes the sync words at the start of all Flash pages."
TXHDRSP00,U16,"Padded with 0’s"
TXHDRTIMESEC1,U16,"Time of event trigger, integer seconds (bits 31:16)"
TXHDRTIMESEC2,U16,"Time of event trigger, integer seconds (bits 15:0)"
TXHDRTIMESUBS,U16,"Time of event trigger, sub-seconds (20 usec per DN)"
TXHDRSP01,U1,"Padded with 0"
TXHDRTRIGOFFSET,U3,"Trigger offset: number of WCLK cycles that the start of post-trigger data collection is delayed from the trigger position"
TXHDRSP02,U2,"Padded with 0’s"
TXHDRTRIGID,U10,"Trigger ID: upper 4 bits spare; bit5 external; bit4 SW; bit3 LS ADC1; bit2 HS ADC1Q; bit1 HS ADC0Q; bit0 HS ADC0I"
TXHDREVTNUM,U16,"Event number assigned by FPGA"
TXHDRBLOCKS_HS_ERROR,U1,"HS Blocks Error – total HS blocks > 16"
TXHDRBLOCKS_LS_ERROR,U1,"LS Blocks Error – total LS blocks > 64"
TXHDRBLOCKS_DEAD_BASE,U6,"Dead Blocks Base (0–63)"
TXHDRBLOCKS_DEAD_SHIFT,U4,"Dead Blocks Shift (0–15)"
TXHDRBLOCKS_HS_PRE,U4,"HS Pre Blocks (1–16)"
TXHDRBLOCKS_HS_POST,U4,"HS Post Blocks (1–64)"
TXHDRBLOCKS_LS_PRE,U6,"LS Pre Blocks (1–64)"
TXHDRBLOCKS_LS_POST,U6,"LS Post Blocks (1–64)"
TXHDRHGTRIGCTRL1_LEVEL,U10,"ADC0I trigger level"
TXHDRHGTRIGCTRL1_NMAX12,U11,"ADC0I Nmax12"
TXHDRHGTRIGCTRL1_NMIN12,U11,"ADC0I Nmin12"
TXHDRHGTRIGCTRL2_NMAX2,U8,"ADC0I Nmax2"
TXHDRHGTRIGCTRL2_NMIN2,U8,"ADC0I Nmin2"
TXHDRHGTRIGCTRL2_NMAX1,U8,"ADC0I Nmax1"
TXHDRHGTRIGCTRL2_NMIN1,U8,"ADC0I Nmin1"
TXHDRLGTRIGCTRL1_LEVEL,U10,"ADC0Q trigger level"
TXHDRLGTRIGCTRL1_NMAX12,U11,"ADC0Q Nmax12"
TXHDRLGTRIGCTRL1_NMIN12,U11,"ADC0Q Nmin12"
TXHDRLGTRIGCTRL2_NMAX2,U8,"ADC0Q Nmax2"
TXHDRLGTRIGCTRL2_NMIN2,U8,"ADC0Q Nmin2"
TXHDRLGTRIGCTRL2_NMAX1,U8,"ADC0Q Nmax1"
TXHDRLGTRIGCTRL2_NMIN1,U8,"ADC0Q Nmin1"
TXHDRMGTRIGCTRL1_LEVEL,U10,"ADC1Q trigger level"
TXHDRMGTRIGCTRL1_NMAX12,U11,"ADC1Q Nmax12"
TXHDRMGTRIGCTRL1_NMIN12,U11,"ADC1Q Nmin12"
TXHDRMGTRIGCTRL2_NMAX2,U8,"ADC1Q Nmax2"
TXHDRMGTRIGCTRL2_NMIN2,U8,"ADC1Q Nmin2"
TXHDRMGTRIGCTRL2_NMAX1,U8,"ADC1Q Nmax1"
TXHDRMGTRIGCTRL2_NMIN1,U8,"ADC1Q Nmin1"
TXHDRSP03,U8,"Padded with 0’s"
TXHDRLSADC_COINC_BLOCKS,U3,"Coincidence mode blocks"
TXHDRLSADC_POLARITY,U1,"LS ADC1 trigger polarity"
TXHDRLSADC_LEVEL,U12,"LS ADC1 trigger level"
TXHDRLSADC_NMIN,U8,"LS ADC1 trigger Nmin"
TXHDRPOLSTAT,U1,"HVPS polarity status"
TXHDRSP04,U22,"Padded with 0’s"
TXHDRPOLCTRL,U1,"External trigger polarity"
TXHDRCOINENA,U1,"LS ADC coincidence enable"
TXHDRLSTRIGMODE,U1,"LS ADC trigger enable"
TXHDRMGTRIGMODE,U2,"ADC1Q trigger mode"
TXHDRLGTRIGMODE,U2,"ADC0Q trigger mode"
TXHDRHGTRIGMODE,U2,"ADC0I trigger mode"
TXHDRSP05,U32,"Padded with 0’s"
TXHDRSP06,U32,"Padded with 0’s"
TXHDRSP07,U32,"Padded with 0’s"
TXHDRSP08,U32,"Padded with 0’s"
TXHDRTOFMAX_PAD,U2,"Padded with 0’s"
TXHDRTOFMAX_ADC1Q,U10,"ADC1Q max value"
TXHDRTOFMAX_ADC0Q,U10,"ADC0Q max value"
TXHDRTOFMAX_ADC0I,U10,"ADC0I max value"
TXHDRTOFMIN_PAD,U2,"Padded with 0’s"
TXHDRTOFMIN_ADC1Q,U10,"ADC1Q min value"
TXHDRTOFMIN_ADC0Q,U10,"ADC0Q min value"
TXHDRTOFMIN_ADC0I,U10,"ADC0I min value"
TXHDRLS0MAXMIN_PAD,U8,"Padded with 0’s"
TXHDRLS0MAXMIN_MAX,U12,"LS ADC0 max"
TXHDRLS0MAXMIN_MIN,U12,"LS ADC0 min"
TXHDRLS1MAXMIN_PAD,U8,"Padded with 0’s"
TXHDRLS1MAXMIN_MAX,U12,"LS ADC1 max"
TXHDRLS1MAXMIN_MIN,U12,"LS ADC1 min"
TXHDRLS2MAXMIN_PAD,U8,"Padded with 0’s"
TXHDRLS2MAXMIN_MAX,U12,"LS ADC2 max"
TXHDRLS2MAXMIN_MIN,U12,"LS ADC2 min"
TXHDRFIFODELAY_PAD,U2,"Padded with 0’s"
TXHDRFIFODELAY_ADC1Q,U10,"ADC1Q FIFO delay"
TXHDRFIFODELAY_ADC0Q,U10,"ADC0Q FIFO delay"
TXHDRFIFODELAY_ADC0I,U10,"ADC0I FIFO delay"
TXHDRSAMPDELAY_PAD,U2,"Padded with 0’s"
TXHDRSAMPDELAY_ADC1Q,U10,"ADC1Q sample delay"
TXHDRSAMPDELAY_ADC0Q,U10,"ADC0Q sample delay"
TXHDRSAMPDELAY_ADC0I,U10,"ADC0I sample delay"
TXHDRTRANSCNT_PAD,U2,"Padded with 0’s"
TXHDRTRANSCNT_ADC1Q,U10,"ADC1Q transition count"
TXHDRTRANSCNT_ADC0Q,U10,"ADC0Q transition count"
TXHDRTRANSCNT_ADC0I,U10,"ADC0I transition count"
TXHDRPROCHKCH01_CH1,U12,"Proc Board 1V POL Current"
TXHDRPROCHKCH01_CH2,U12,"Proc Board 1.9V POL Current"
TXHDRPROCHKCH23_CH1,U12,"ProcBd Temp1"
TXHDRPROCHKCH23_CH2,U12,"ProcBd Temp2"
TXHDRPROCHKCH45_CH1,U12,"1V Voltage"
TXHDRPROCHKCH45_CH2,U12,"FPGA Temp"
TXHDRPROCHKCH67_CH1,U12,"1.9V Voltage"
TXHDRPROCHKCH67_CH2,U12,"3.3V Voltage"
TXHDRHVPSHKCH01_CH1,U12,"Detector Voltage"
TXHDRHVPSHKCH01_CH2,U12,"Sensor Voltage"
TXHDRHVPSHKCH23_CH1,U12,"Target Voltage"
TXHDRHVPSHKCH23_CH2,U12,"Reflectron Voltage"
TXHDRHVPSHKCH45_CH1,U12,"Rejection Voltage"
TXHDRHVPSHKCH45_CH2,U12,"Detector Current"
TXHDRHVPSHKCH67_CH1,U12,"Sensor IP"
TXHDRHVPSHKCH67_CH2,U12,"Sensor IN"
TXHDRLVHK0CH01_CH1,U12,"P3.3VREF_HK"
TXHDRLVHK0CH01_CH2,U12,"P3.3VREF_OP"
TXHDRLVHK0CH23_CH1,U12,"N6V"
TXHDRLVHK0CH23_CH2,U12,"P6V"
TXHDRLVHK0CH45_CH1,U12,"P16V"
TXHDRLVHK0CH45_CH2,U12,"P3.3V"
TXHDRLVHK0CH67_CH1,U12,"N5V"
TXHDRLVHK0CH67_CH2,U12,"P5V"
TXHDRLVHK1CH01_CH1,U12,"P3.3_IMON"
TXHDRLVHK1CH01_CH2,U12,"P16V_IMON"
TXHDRLVHK1CH23_CH1,U12,"P6V_IMON"
TXHDRLVHK1CH23_CH2,U12,"N6V_IMON"
TXHDRLVHK1CH45_CH1,U12,"P5V_IMON"
TXHDRLVHK1CH45_CH2,U12,"N5V_IMON"
TXHDRLVHK1CH67_CH1,U12,"P2.5V_IMON"
TXHDRLVHK1CH67_CH2,U12,"N2.5V_IMON"
TXHDRLVHK2CH01_CH1,U12,"THERM_CSA0"
TXHDRLVHK2CH01_CH2,U12,"THERM_CSA1"
TXHDRLVHK2CH23_CH1,U12,"THERM_BUFF"
TXHDRLVHK2CH23_CH2,U12,"THERM_LVPS"
TXHDRLVHK2CH45_CH1,U12,"THERM_HVPS"
TXHDRLVHK2CH45_CH2,U12,"P2.5V"
TXHDRLVHK2CH67_CH1,U12,"N2.5V"
TXHDRLVHK2CH67_CH2,U12,"Spare"
TXHDRSP09,U32,"Padded with 0’s"
TXHDRSP10,U32,"Padded with 0’s"
TXHDRFSWAIDCOPY,U32,"Copy of AID"
TXHDRFSWBINCOPY,U32,"Copy of filter/bin"
TXHDRFSWMAJOR,U8,"FSW version major"
TXHDRFSWMINOR,U8,"FSW version minor"
TXHDRFSWPATCH,U16,"FSW version patch"
TXHDRFSWHVSTAT,U32,"HVPS polarity setting and status"
TXHDRFSWMEM0,U32,"Memory value SCI_EVT_HDR_ADDR0"
TXHDRFSWMEM1,U32,"Memory value SCI_EVT_HDR_ADDR1"
TXHDRFSWPT0,U32,"Parameter table entry SCI_EVT_HDR_PRM0"
TXHDRFSWPT1,U32,"Parameter table entry SCI_EVT_HDR_PRM1"
TXHDRFSWPT2,U32,"Parameter table entry SCI_EVT_HDR_PRM2"
TXHDRFSWPT3,U32,"Parameter table entry SCI_EVT_HDR_PRM3"
TXHDRFSWPT4,U32,"Parameter table entry SCI_EVT_HDR_PRM4"
TXHDRFSWPT5,U32,"Parameter table entry SCI_EVT_HDR_PRM5"
TXHDRFSWPT6,U32,"Parameter table entry SCI_EVT_HDR_PRM6"
TXHDRFSWPT7,U32,"Parameter table entry SCI_EVT_HDR_PRM7"
TXHDRFSWPT8,U32,"Parameter table entry SCI_EVT_HDR_PRM8"
TXHDRFSWPT9,U32,"Parameter table entry SCI_EVT_HDR_PRM9"
TXHDRFPGAVER,U32,"FPGA version"
SYNCSCI0PKT,U16,"Synchronization marker, fixed 0x3333"
CRCSCI0PKT,U16,"CRC CCITT-16"
