timestamp_utc,timestamp_utc
2025-11-30T00:02:01.346840Z,2025-11-30T00:02:01.346840Z
2025-11-30T00:02:07.347680Z,2025-11-30T00:02:07.347680Z
2025-11-30T00:02:15.347620Z,2025-11-30T00:02:15.347620Z
2025-11-30T00:02:23.347580Z,2025-11-30T00:02:23.347580Z
2025-11-30T00:02:31.347540Z,2025-11-30T00:02:31.347540Z
2025-11-30T00:02:39.347500Z,2025-11-30T00:02:39.347500Z
2025-11-30T00:02:53.346540Z,2025-11-30T00:02:53.346540Z
2025-11-30T00:03:05.346460Z,2025-11-30T00:03:05.346460Z
2025-11-30T00:03:17.346400Z,2025-11-30T00:03:17.346400Z
2025-11-30T00:03:29.346320Z,2025-11-30T00:03:29.346320Z
2025-11-24T01:14:09.848920Z,2025-11-24T01:14:09.848920Z
2025-11-24T10:12:44.549260Z,2025-11-24T10:12:44.549260Z
2025-11-24T15:26:52.083600Z,2025-11-24T15:26:52.083600Z
2025-11-24T18:28:29.674760Z,2025-11-24T18:28:29.674760Z
2025-11-25T12:13:01.721100Z,2025-11-25T12:13:01.721100Z
2025-11-25T15:12:28.010140Z,2025-11-25T15:12:28.010140Z
2025-11-25T15:31:35.580600Z,2025-11-25T15:31:35.580600Z
2025-11-26T02:10:36.512260Z,2025-11-26T02:10:36.512260Z
2025-11-26T12:13:06.285180Z,2025-11-26T12:13:06.285180Z
2025-11-26T13:05:20.377380Z,2025-11-26T13:05:20.377380Z
2025-11-26T20:24:51.826000Z,2025-11-26T20:24:51.826000Z
2025-11-26T21:33:28.075720Z,2025-11-26T21:33:28.075720Z
2025-11-27T04:19:38.153060Z,2025-11-27T04:19:38.153060Z
2025-11-27T10:19:27.183520Z,2025-11-27T10:19:27.183520Z
2025-11-27T15:23:42.119280Z,2025-11-27T15:23:42.119280Z
2025-11-27T15:30:08.774480Z,2025-11-27T15:30:08.774480Z
2025-11-27T16:10:43.667120Z,2025-11-27T16:10:43.667120Z
2025-11-27T17:17:01.190240Z,2025-11-27T17:17:01.190240Z
2025-11-27T22:06:59.016600Z,2025-11-27T22:06:59.016600Z
2025-11-28T04:16:35.204300Z,2025-11-28T04:16:35.204300Z
2025-11-28T07:21:53.551840Z,2025-11-28T07:21:53.551840Z
2025-11-28T19:05:25.725000Z,2025-11-28T19:05:25.725000Z
2025-11-28T19:58:10.048800Z,2025-11-28T19:58:10.048800Z
2025-11-28T20:13:34.784800Z,2025-11-28T20:13:34.784800Z
2025-11-28T20:49:58.978380Z,2025-11-28T20:49:58.978380Z
2025-11-29T00:53:24.009140Z,2025-11-29T00:53:24.009140Z
2025-11-29T03:33:21.281400Z,2025-11-29T03:33:21.281400Z
2025-11-29T12:08:49.631640Z,2025-11-29T12:08:49.631640Z
2025-11-29T12:09:19.799660Z,2025-11-29T12:09:19.799660Z
2025-11-29T22:57:16.726200Z,2025-11-29T22:57:16.726200Z
