epoch,epoch
821665444479964416,821665444479964416
821666672591094144,821666672591094144
821666819050284032,821666819050284032
821710687392778240,821710687392778240
821712799096423424,821712799096423424
821716622344689152,821716622344689152
821743822464543488,821743822464543488
821744082632692480,821744082632692480
821748444838100224,821748444838100224
821762636891401856,821762636891401856
821767790970706560,821767790970706560
821778056869493632,821778056869493632
821781552761310336,821781552761310336
821799210429841920,821799210429841920
821800090324261248,821800090324261248
821810232211623040,821810232211623040
821818687323381632,821818687323381632
821818728967184640,821818728967184640
821818775190343680,821818775190343680
821818811183631616,821818811183631616
821818858421409664,821818858421409664
821819481826936704,821819481826936704
821819502283858560,821819502283858560
821819682990478336,821819682990478336
821820652434278144,821820652434278144
821824018005732096,821824018005732096
821846658303345024,821846658303345024
821854762557634816,821854762557634816
821859051111129984,821859051111129984
821867710938746752,821867710938746752
821876980935542656,821876980935542656
821879179061092864,821879179061092864
821883657206820480,821883657206820480
821884423348641024,821884423348641024
821898970212097152,821898970212097152
821904791020453760,821904791020453760
821908259054977536,821908259054977536
821911621189515136,821911621189515136
821914765911145600,821914765911145600
821917399116249856,821917399116249856
821920880831861248,821920880831861248
821926020901941760,821926020901941760
821926971152158848,821926971152158848
821930314120893440,821930314120893440
821932011786547712,821932011786547712
821932858914656128,821932858914656128
821951992362343936,821951992362343936
821955130216320384,821955130216320384
821958648121099776,821958648121099776
821960488380727424,821960488380727424
821962257441758208,821962257441758208
821973248424448640,821973248424448640
821981722114892032,821981722114892032
821985649118688640,821985649118688640
821987702140107520,821987702140107520
821989942728499840,821989942728499840
821998266464256384,821998266464256384
822002338052004608,822002338052004608
822005405320983936,822005405320983936
822013070385344512,822013070385344512
822018519472270976,822018519472270976
822026097438048896,822026097438048896
822028802805569024,822028802805569024
822032221921596032,822032221921596032
822033351298134272,822033351298134272
822037989281500160,822037989281500160
822040278214629760,822040278214629760
822041576463358208,822041576463358208
822045645581048576,822045645581048576
822052840578066304,822052840578066304
822054825323025664,822054825323025664
822057338954217344,822057338954217344
822059613261721088,822059613261721088
822060368707711616,822060368707711616
822065304780995712,822065304780995712
822067138937989760,822067138937989760
822068058407834752,822068058407834752
822068830883369984,822068830883369984
822069247832980224,822069247832980224
822069428517220096,822069428517220096
822070659629008640,822070659629008640
822070667228141952,822070667228141952
822070972139631744,822070972139631744
822071345912680448,822071345912680448
822073042474196352,822073042474196352
822073341323271552,822073341323271552
822073682967708416,822073682967708416
822073935982664192,822073935982664192
822073990779755648,822073990779755648
822074027983702784,822074027983702784
822074136912246144,822074136912246144
822074163165102976,822074163165102976
822074385985965312,822074385985965312
822074446640651520,822074446640651520
822074460452659200,822074460452659200
822074488457014400,822074488457014400
822074582362251264,822074582362251264
822074828195573376,822074828195573376
822074841276321664,822074841276321664
822074914002877184,822074914002877184
822075015281307520,822075015281307520
822075087612623360,822075087612623360
822075152818765696,822075152818765696
822075166352833536,822075166352833536
822075400263086208,822075400263086208
822075681915396480,822075681915396480
822075749418536704,822075749418536704
822075785458224768,822075785458224768
822075844184912640,822075844184912640
822075920264145280,822075920264145280
822076142325908352,822076142325908352
822076240558181248,822076240558181248
822076373387283456,822076373387283456
822076761053979904,822076761053979904
822076806307519744,822076806307519744
822076828680920064,822076828680920064
822076854400077056,822076854400077056
822077060146754560,822077060146754560
822077236848438144,822077236848438144
822077427328009088,822077427328009088
822077550035380352,822077550035380352
822077588407246464,822077588407246464
822077676723588096,822077676723588096
822078123296632192,822078123296632192
822078198438945664,822078198438945664
822078286483807616,822078286483807616
822078364860858112,822078364860858112
822078371912271872,822078371912271872
822078379043965568,822078379043965568
822079089745355520,822079089745355520
822079237868284160,822079237868284160
822079348940585728,822079348940585728
822079434511789824,822079434511789824
822079588396973312,822079588396973312
822079687238065792,822079687238065792
822080220048133504,822080220048133504
822080465270396160,822080465270396160
822080559809892352,822080559809892352
822139419483453824,822139419483453824
822139445557730816,822139445557730816
822139500362042240,822139500362042240
822139664700936448,822139664700936448
822139683726559616,822139683726559616
822139723030924800,822139723030924800
822139763303149056,822139763303149056
822139769005543936,822139769005543936
822139811888206080,822139811888206080
822139914995094528,822139914995094528
822140018756722560,822140018756722560
822140075915591936,822140075915591936
822140094512675456,822140094512675456
822140384963677952,822140384963677952
822140391084872576,822140391084872576
822140551035910784,822140551035910784
822140575245309312,822140575245309312
822140598825968512,822140598825968512
822140738952764160,822140738952764160
822140750540994048,822140750540994048
822140915284428032,822140915284428032
822140946140960512,822140946140960512
822141146870102528,822141146870102528
822141297576828928,822141297576828928
822141471394254976,822141471394254976
822141881540311296,822141881540311296
822141957550163968,822141957550163968
822141986199238528,822141986199238528
822142847386815232,822142847386815232
822142926173565312,822142926173565312
822143137271678208,822143137271678208
822143169475989760,822143169475989760
822143266148524032,822143266148524032
822143313357342080,822143313357342080
822143611015478272,822143611015478272
822143856543320704,822143856543320704
822143908667734400,822143908667734400
822144016373358848,822144016373358848
822144051803227392,822144051803227392
822144353936299648,822144353936299648
822144454909070208,822144454909070208
822144557060959744,822144557060959744
822144639973826048,822144639973826048
822144708411565568,822144708411565568
822144911144725632,822144911144725632
822145119071081344,822145119071081344
822145238034315904,822145238034315904
822145441422115712,822145441422115712
822145461923957504,822145461923957504
822145529594877440,822145529594877440
822145596625698048,822145596625698048
822145704615382400,822145704615382400
822145801959696000,822145801959696000
822146016275826048,822146016275826048
822146087368183040,822146087368183040
822146430647178752,822146430647178752
822146449954961664,822146449954961664
822146507211010944,822146507211010944
822146922326462976,822146922326462976
822147083704379776,822147083704379776
822147150668380544,822147150668380544
822147202123674880,822147202123674880
822147292434574720,822147292434574720
822147635552410624,822147635552410624
822147650187717632,822147650187717632
822147699703053824,822147699703053824
822147940678460160,822147940678460160
822148076978319360,822148076978319360
822148254470242048,822148254470242048
822148461108838784,822148461108838784
822149309743766528,822149309743766528
822149319108418176,822149319108418176
822149399328627200,822149399328627200
822149427422322176,822149427422322176
822149520317299840,822149520317299840
822149863753815552,822149863753815552
822149930979835904,822149930979835904
822149990096343552,822149990096343552
822150200784876544,822150200784876544
822150335068157568,822150335068157568
822150605094158336,822150605094158336
822150633747952896,822150633747952896
822150715950520064,822150715950520064
822150862833629696,822150862833629696
822150928521331584,822150928521331584
822150944301857536,822150944301857536
822151043331729920,822151043331729920
822312181975935232,822312181975935232
822312187976789888,822312187976789888
822312195976722816,822312195976722816
822312203976675712,822312203976675712
822312211976628608,822312211976628608
822312219976581632,822312219976581632
822312233975609088,822312233975609088
822312245975538432,822312245975538432
822312257975447936,822312257975447936
822312269975377280,822312269975377280
