eventnum,SCI0Time32_seconds,utc_datetime
imap_idex_l0_raw_20251130_v002/1,502156921,2025-11-30T00:02:01.356661Z
imap_idex_l0_raw_20251130_v002/10,502157009,2025-11-30T00:03:29.172056Z
imap_idex_l0_raw_20251130_v002/11,501642849,2025-11-24T01:14:09.951989Z
imap_idex_l0_raw_20251130_v002/12,501675164,2025-11-24T10:12:44.179890Z
imap_idex_l0_raw_20251130_v002/13,501694012,2025-11-24T15:26:52.108842Z
imap_idex_l0_raw_20251130_v002/14,501704909,2025-11-24T18:28:29.445813Z
imap_idex_l0_raw_20251130_v002/15,501768781,2025-11-25T12:13:01.545412Z
imap_idex_l0_raw_20251130_v002/16,501779548,2025-11-25T15:12:28.292626Z
imap_idex_l0_raw_20251130_v002/17,501780695,2025-11-25T15:31:35.684382Z
imap_idex_l0_raw_20251130_v002/18,501819036,2025-11-26T02:10:36.604603Z
imap_idex_l0_raw_20251130_v002/19,501855186,2025-11-26T12:13:06.552647Z
imap_idex_l0_raw_20251130_v002/2,502156927,2025-11-30T00:02:07.702788Z
imap_idex_l0_raw_20251130_v002/20,501858320,2025-11-26T13:05:20.281196Z
imap_idex_l0_raw_20251130_v002/21,501884691,2025-11-26T20:24:51.851509Z
imap_idex_l0_raw_20251130_v002/22,501888808,2025-11-26T21:33:28.810434Z
imap_idex_l0_raw_20251130_v002/23,501913178,2025-11-27T04:19:38.147386Z
imap_idex_l0_raw_20251130_v002/24,501934767,2025-11-27T10:19:27.221321Z
imap_idex_l0_raw_20251130_v002/25,501953022,2025-11-27T15:23:42.309057Z
imap_idex_l0_raw_20251130_v002/26,501953408,2025-11-27T15:30:08.193960Z
imap_idex_l0_raw_20251130_v002/27,501955843,2025-11-27T16:10:43.603926Z
imap_idex_l0_raw_20251130_v002/28,501959821,2025-11-27T17:17:01.941991Z
imap_idex_l0_raw_20251130_v002/29,501977219,2025-11-28T21:23:56.726200Z
imap_idex_l0_raw_20251130_v002/3,502156935,2025-11-30T00:02:15.611776Z
imap_idex_l0_raw_20251130_v002/30,501999395,2025-11-28T22:28:41.346840Z
imap_idex_l0_raw_20251130_v002/31,502010513,2025-11-28T07:21:53.863621Z
imap_idex_l0_raw_20251130_v002/32,502052725,2025-11-28T19:05:25.390155Z
imap_idex_l0_raw_20251130_v002/33,502055890,2025-11-28T19:58:10.362052Z
imap_idex_l0_raw_20251130_v002/34,502056814,2025-11-28T20:13:34.474549Z
imap_idex_l0_raw_20251130_v002/35,502058998,2025-11-28T20:49:58.641966Z
imap_idex_l0_raw_20251130_v002/36,502073604,2025-11-29T00:53:24.150063Z
imap_idex_l0_raw_20251130_v002/37,502083201,2025-11-29T03:33:21.802185Z
imap_idex_l0_raw_20251130_v002/38,502114129,2025-11-29T12:08:49.962823Z
imap_idex_l0_raw_20251130_v002/39,502114159,2025-11-29T12:09:19.255287Z
imap_idex_l0_raw_20251130_v002/4,502156943,2025-11-30T00:02:23.637905Z
imap_idex_l0_raw_20251130_v002/40,502153036,2025-11-29T22:57:16.716859Z
imap_idex_l0_raw_20251130_v002/5,502156951,2025-11-30T00:02:31.999862Z
imap_idex_l0_raw_20251130_v002/6,502156959,2025-11-30T00:02:39.532642Z
imap_idex_l0_raw_20251130_v002/7,502156973,2025-11-30T00:02:53.923040Z
imap_idex_l0_raw_20251130_v002/8,502156985,2025-11-30T00:03:05.138833Z
imap_idex_l0_raw_20251130_v002/9,502156997,2025-11-30T00:03:17.702097Z
imap_idex_l0_raw_20251209_v002/1,502934521,2025-12-09T00:02:01.402959Z
imap_idex_l0_raw_20251209_v002/10,502934609,2025-12-09T00:03:29.324426Z
imap_idex_l0_raw_20251209_v002/100,502819061,2025-12-07T15:57:41.367712Z
imap_idex_l0_raw_20251209_v002/101,502819685,2025-12-07T16:08:05.577679Z
imap_idex_l0_raw_20251209_v002/102,502820245,2025-12-07T16:17:25.743827Z
imap_idex_l0_raw_20251209_v002/103,502823815,2025-12-07T17:16:55.849673Z
imap_idex_l0_raw_20251209_v002/104,502824102,2025-12-07T17:21:42.927747Z
imap_idex_l0_raw_20251209_v002/105,502824120,2025-12-07T17:22:00.334277Z
imap_idex_l0_raw_20251209_v002/106,502825517,2025-12-07T17:45:17.731335Z
imap_idex_l0_raw_20251209_v002/107,502827784,2025-12-07T18:23:04.498393Z
imap_idex_l0_raw_20251209_v002/108,502829375,2025-12-07T18:49:35.911475Z
imap_idex_l0_raw_20251209_v002/109,502829694,2025-12-07T18:54:54.406468Z
imap_idex_l0_raw_20251209_v002/11,502264436,2025-12-01T05:53:56.743360Z
imap_idex_l0_raw_20251209_v002/110,502829778,2025-12-07T18:56:18.767205Z
imap_idex_l0_raw_20251209_v002/111,502830395,2025-12-07T19:06:35.956943Z
imap_idex_l0_raw_20251209_v002/112,502833514,2025-12-07T19:58:34.234840Z
imap_idex_l0_raw_20251209_v002/113,502834185,2025-12-07T20:09:45.244297Z
imap_idex_l0_raw_20251209_v002/114,502835493,2025-12-07T20:31:33.209821Z
imap_idex_l0_raw_20251209_v002/115,502835566,2025-12-07T20:32:46.611042Z
imap_idex_l0_raw_20251209_v002/116,502835719,2025-12-07T20:35:19.606719Z
imap_idex_l0_raw_20251209_v002/117,502837209,2025-12-07T21:00:09.497064Z
imap_idex_l0_raw_20251209_v002/118,502838022,2025-12-07T21:13:42.930393Z
imap_idex_l0_raw_20251209_v002/119,502841406,2025-12-07T22:10:06.708121Z
imap_idex_l0_raw_20251209_v002/12,502272870,2025-12-01T08:14:30.950068Z
imap_idex_l0_raw_20251209_v002/120,502841948,2025-12-07T22:19:08.975920Z
imap_idex_l0_raw_20251209_v002/121,502842614,2025-12-07T22:30:14.772621Z
imap_idex_l0_raw_20251209_v002/122,502843450,2025-12-07T22:44:10.986001Z
imap_idex_l0_raw_20251209_v002/123,502845237,2025-12-07T23:13:57.126657Z
imap_idex_l0_raw_20251209_v002/124,502848437,2025-12-08T00:07:17.705948Z
imap_idex_l0_raw_20251209_v002/125,502849262,2025-12-08T00:21:02.793220Z
imap_idex_l0_raw_20251209_v002/126,502850592,2025-12-08T00:43:12.791726Z
imap_idex_l0_raw_20251209_v002/127,502851226,2025-12-08T00:53:46.758119Z
imap_idex_l0_raw_20251209_v002/128,502852417,2025-12-08T01:13:37.998315Z
imap_idex_l0_raw_20251209_v002/129,502854840,2025-12-08T01:54:00.477079Z
imap_idex_l0_raw_20251209_v002/13,502302354,2025-12-01T16:25:54.355352Z
imap_idex_l0_raw_20251209_v002/130,502855162,2025-12-08T01:59:22.205980Z
imap_idex_l0_raw_20251209_v002/131,502855343,2025-12-08T02:02:23.588933Z
imap_idex_l0_raw_20251209_v002/132,502857912,2025-12-08T02:45:12.431108Z
imap_idex_l0_raw_20251209_v002/133,502858248,2025-12-08T02:50:48.183802Z
imap_idex_l0_raw_20251209_v002/134,502863445,2025-12-08T04:17:25.685039Z
imap_idex_l0_raw_20251209_v002/135,502863773,2025-12-08T04:22:53.744152Z
imap_idex_l0_raw_20251209_v002/136,502863785,2025-12-08T04:23:05.446565Z
imap_idex_l0_raw_20251209_v002/137,502865495,2025-12-08T04:51:35.200626Z
imap_idex_l0_raw_20251209_v002/138,502865621,2025-12-08T04:53:41.909627Z
imap_idex_l0_raw_20251209_v002/139,502866305,2025-12-08T05:05:05.133291Z
imap_idex_l0_raw_20251209_v002/14,502336024,2025-12-02T01:47:04.882341Z
imap_idex_l0_raw_20251209_v002/140,502866424,2025-12-08T05:07:04.260994Z
imap_idex_l0_raw_20251209_v002/141,502868980,2025-12-08T05:49:40.675952Z
imap_idex_l0_raw_20251209_v002/142,502872611,2025-12-08T06:50:11.189394Z
imap_idex_l0_raw_20251209_v002/143,502872734,2025-12-08T06:52:14.825932Z
imap_idex_l0_raw_20251209_v002/144,502875377,2025-12-08T07:36:17.449592Z
imap_idex_l0_raw_20251209_v002/145,502879648,2025-12-08T08:47:28.124976Z
imap_idex_l0_raw_20251209_v002/146,502885570,2025-12-08T10:26:10.537930Z
imap_idex_l0_raw_20251209_v002/147,502886345,2025-12-08T10:39:05.379082Z
imap_idex_l0_raw_20251209_v002/148,502887018,2025-12-08T10:50:18.436752Z
imap_idex_l0_raw_20251209_v002/149,502892495,2025-12-08T12:21:35.912456Z
imap_idex_l0_raw_20251209_v002/15,502419941,2025-12-03T01:05:41.791418Z
imap_idex_l0_raw_20251209_v002/150,502893099,2025-12-08T12:31:39.715535Z
imap_idex_l0_raw_20251209_v002/151,502895002,2025-12-08T13:03:22.441101Z
imap_idex_l0_raw_20251209_v002/152,502897208,2025-12-08T13:40:08.651179Z
imap_idex_l0_raw_20251209_v002/16,502433239,2025-12-03T04:47:19.452435Z
imap_idex_l0_raw_20251209_v002/17,502449388,2025-12-03T09:16:28.127738Z
imap_idex_l0_raw_20251209_v002/18,502459207,2025-12-03T12:00:07.943681Z
imap_idex_l0_raw_20251209_v002/19,502462239,2025-12-03T12:50:39.242243Z
imap_idex_l0_raw_20251209_v002/2,502934527,2025-12-09T00:02:07.957100Z
imap_idex_l0_raw_20251209_v002/20,502465200,2025-12-03T13:40:00.294032Z
imap_idex_l0_raw_20251209_v002/21,502477665,2025-12-03T17:07:45.712375Z
imap_idex_l0_raw_20251209_v002/22,502489573,2025-12-03T20:26:13.181779Z
imap_idex_l0_raw_20251209_v002/23,502500436,2025-12-03T23:27:16.986645Z
imap_idex_l0_raw_20251209_v002/24,502505441,2025-12-04T00:50:41.753312Z
imap_idex_l0_raw_20251209_v002/25,502528457,2025-12-04T07:14:17.305110Z
imap_idex_l0_raw_20251209_v002/26,502552258,2025-12-04T13:50:58.208000Z
imap_idex_l0_raw_20251209_v002/27,502553916,2025-12-04T14:18:36.852027Z
imap_idex_l0_raw_20251209_v002/28,502556645,2025-12-04T15:04:05.929350Z
imap_idex_l0_raw_20251209_v002/29,502561503,2025-12-04T16:25:03.780164Z
imap_idex_l0_raw_20251209_v002/3,502934535,2025-12-09T00:02:15.488242Z
imap_idex_l0_raw_20251209_v002/30,502561852,2025-12-04T16:30:52.615313Z
imap_idex_l0_raw_20251209_v002/31,502570528,2025-12-04T18:55:28.601986Z
imap_idex_l0_raw_20251209_v002/32,502571647,2025-12-04T19:14:07.804733Z
imap_idex_l0_raw_20251209_v002/33,502574188,2025-12-04T19:56:28.298303Z
imap_idex_l0_raw_20251209_v002/34,502585726,2025-12-04T23:08:46.694379Z
imap_idex_l0_raw_20251209_v002/35,502586799,2025-12-04T23:26:39.248048Z
imap_idex_l0_raw_20251209_v002/36,502591890,2025-12-05T00:51:30.549815Z
imap_idex_l0_raw_20251209_v002/37,502592227,2025-12-05T00:57:07.312042Z
imap_idex_l0_raw_20251209_v002/38,502595942,2025-12-05T01:59:02.249537Z
imap_idex_l0_raw_20251209_v002/39,502596124,2025-12-05T02:02:04.599756Z
imap_idex_l0_raw_20251209_v002/4,502934543,2025-12-09T00:02:23.683806Z
imap_idex_l0_raw_20251209_v002/40,502598020,2025-12-05T02:33:40.208090Z
imap_idex_l0_raw_20251209_v002/41,502598406,2025-12-05T02:40:06.128358Z
imap_idex_l0_raw_20251209_v002/42,502603208,2025-12-05T04:00:08.653259Z
imap_idex_l0_raw_20251209_v002/43,502604672,2025-12-05T04:24:32.604446Z
imap_idex_l0_raw_20251209_v002/44,502607828,2025-12-05T05:17:08.669960Z
imap_idex_l0_raw_20251209_v002/45,502608471,2025-12-05T05:27:51.835131Z
imap_idex_l0_raw_20251209_v002/46,502608966,2025-12-05T05:36:06.488802Z
imap_idex_l0_raw_20251209_v002/47,502624196,2025-12-05T09:49:56.822163Z
imap_idex_l0_raw_20251209_v002/48,502624611,2025-12-05T09:56:51.184533Z
imap_idex_l0_raw_20251209_v002/49,502625976,2025-12-05T10:19:36.274974Z
imap_idex_l0_raw_20251209_v002/5,502934551,2025-12-09T00:02:31.131706Z
imap_idex_l0_raw_20251209_v002/50,502626117,2025-12-05T10:21:57.229634Z
imap_idex_l0_raw_20251209_v002/51,502631269,2025-12-05T11:47:49.158861Z
imap_idex_l0_raw_20251209_v002/52,502660139,2025-12-05T19:48:59.435812Z
imap_idex_l0_raw_20251209_v002/53,502667083,2025-12-05T21:44:43.359379Z
imap_idex_l0_raw_20251209_v002/54,502677281,2025-12-06T00:34:41.474724Z
imap_idex_l0_raw_20251209_v002/55,502682624,2025-12-06T02:03:44.929161Z
imap_idex_l0_raw_20251209_v002/56,502687437,2025-12-06T03:23:57.400738Z
imap_idex_l0_raw_20251209_v002/57,502690849,2025-12-06T04:20:49.459686Z
imap_idex_l0_raw_20251209_v002/58,502705916,2025-12-06T08:31:56.526097Z
imap_idex_l0_raw_20251209_v002/59,502706938,2025-12-06T08:48:58.466438Z
imap_idex_l0_raw_20251209_v002/6,502934559,2025-12-09T00:02:39.438729Z
imap_idex_l0_raw_20251209_v002/60,502715273,2025-12-06T11:07:53.104504Z
imap_idex_l0_raw_20251209_v002/61,502719069,2025-12-06T12:11:09.515511Z
imap_idex_l0_raw_20251209_v002/62,502723672,2025-12-06T13:27:52.233816Z
imap_idex_l0_raw_20251209_v002/63,502725721,2025-12-06T14:02:01.127252Z
imap_idex_l0_raw_20251209_v002/64,502736255,2025-12-06T16:57:35.234613Z
imap_idex_l0_raw_20251209_v002/65,502762339,2025-12-07T00:12:19.306670Z
imap_idex_l0_raw_20251209_v002/66,502762668,2025-12-07T00:17:48.439304Z
imap_idex_l0_raw_20251209_v002/67,502763204,2025-12-07T00:26:44.566376Z
imap_idex_l0_raw_20251209_v002/68,502767315,2025-12-07T01:35:15.472001Z
imap_idex_l0_raw_20251209_v002/69,502770928,2025-12-07T02:35:28.382977Z
imap_idex_l0_raw_20251209_v002/7,502934573,2025-12-09T00:02:53.709667Z
imap_idex_l0_raw_20251209_v002/70,502772277,2025-12-07T02:57:57.881530Z
imap_idex_l0_raw_20251209_v002/71,502773632,2025-12-07T03:20:32.281141Z
imap_idex_l0_raw_20251209_v002/72,502774051,2025-12-07T03:27:31.390626Z
imap_idex_l0_raw_20251209_v002/73,502779365,2025-12-07T04:56:05.995553Z
imap_idex_l0_raw_20251209_v002/74,502779742,2025-12-07T05:02:22.340428Z
imap_idex_l0_raw_20251209_v002/75,502780215,2025-12-07T05:10:15.511595Z
imap_idex_l0_raw_20251209_v002/76,502781186,2025-12-07T05:26:26.639508Z
imap_idex_l0_raw_20251209_v002/77,502783844,2025-12-07T06:10:44.384888Z
imap_idex_l0_raw_20251209_v002/78,502785394,2025-12-07T06:36:34.436070Z
imap_idex_l0_raw_20251209_v002/79,502785833,2025-12-07T06:43:53.140350Z
imap_idex_l0_raw_20251209_v002/8,502934585,2025-12-09T00:03:05.166913Z
imap_idex_l0_raw_20251209_v002/80,502786792,2025-12-07T06:59:52.815223Z
imap_idex_l0_raw_20251209_v002/81,502789226,2025-12-07T07:40:26.203993Z
imap_idex_l0_raw_20251209_v002/82,502789809,2025-12-07T07:50:09.915073Z
imap_idex_l0_raw_20251209_v002/83,502790404,2025-12-07T08:00:04.333757Z
imap_idex_l0_raw_20251209_v002/84,502790772,2025-12-07T08:06:12.422939Z
imap_idex_l0_raw_20251209_v002/85,502791426,2025-12-07T08:17:06.401232Z
imap_idex_l0_raw_20251209_v002/86,502795722,2025-12-07T09:28:42.802258Z
imap_idex_l0_raw_20251209_v002/87,502799951,2025-12-07T10:39:11.348124Z
imap_idex_l0_raw_20251209_v002/88,502800848,2025-12-07T10:54:08.535794Z
imap_idex_l0_raw_20251209_v002/89,502801459,2025-12-07T11:04:19.240836Z
imap_idex_l0_raw_20251209_v002/9,502934597,2025-12-09T00:03:17.997134Z
imap_idex_l0_raw_20251209_v002/90,502803451,2025-12-07T11:37:31.321506Z
imap_idex_l0_raw_20251209_v002/91,502804337,2025-12-07T11:52:17.346807Z
imap_idex_l0_raw_20251209_v002/92,502805930,2025-12-07T12:18:50.356995Z
imap_idex_l0_raw_20251209_v002/93,502808076,2025-12-07T12:54:36.705538Z
imap_idex_l0_raw_20251209_v002/94,502811718,2025-12-07T13:55:18.902164Z
imap_idex_l0_raw_20251209_v002/95,502812489,2025-12-07T14:08:09.321295Z
imap_idex_l0_raw_20251209_v002/96,502815011,2025-12-07T14:50:11.405606Z
imap_idex_l0_raw_20251209_v002/97,502815688,2025-12-07T15:01:28.391287Z
imap_idex_l0_raw_20251209_v002/98,502815883,2025-12-07T15:04:43.277239Z
imap_idex_l0_raw_20251209_v002/99,502817948,2025-12-07T15:39:08.546888Z
imap_idex_l0_raw_20251217_v001/1,503625721,2025-12-17T00:02:01.289112Z
imap_idex_l0_raw_20251217_v001/10,503625809,2025-12-17T00:03:29.723445Z
imap_idex_l0_raw_20251217_v001/100,503124251,2025-12-11T04:44:11.212772Z
imap_idex_l0_raw_20251217_v001/101,503128439,2025-12-11T05:53:59.414575Z
imap_idex_l0_raw_20251217_v001/102,503128823,2025-12-11T06:00:23.929589Z
imap_idex_l0_raw_20251217_v001/103,503130305,2025-12-11T06:25:05.648466Z
imap_idex_l0_raw_20251217_v001/104,503133167,2025-12-11T07:12:47.916348Z
imap_idex_l0_raw_20251217_v001/105,503135665,2025-12-11T07:54:25.773766Z
imap_idex_l0_raw_20251217_v001/106,503139165,2025-12-11T08:52:45.465695Z
imap_idex_l0_raw_20251217_v001/107,503139763,2025-12-11T09:02:43.881835Z
imap_idex_l0_raw_20251217_v001/108,503145233,2025-12-11T10:33:53.659286Z
imap_idex_l0_raw_20251217_v001/109,503148640,2025-12-11T11:30:40.526992Z
imap_idex_l0_raw_20251217_v001/11,502974164,2025-12-09T11:02:44.239194Z
imap_idex_l0_raw_20251217_v001/110,503152675,2025-12-11T12:37:55.683417Z
imap_idex_l0_raw_20251217_v001/111,503153169,2025-12-11T12:46:09.348191Z
imap_idex_l0_raw_20251217_v001/112,503154283,2025-12-11T13:04:43.312792Z
imap_idex_l0_raw_20251217_v001/113,503154804,2025-12-11T13:13:24.916495Z
imap_idex_l0_raw_20251217_v001/114,503156655,2025-12-11T13:44:15.883081Z
imap_idex_l0_raw_20251217_v001/115,503156774,2025-12-11T13:46:14.531596Z
imap_idex_l0_raw_20251217_v001/116,503157469,2025-12-11T13:57:49.244737Z
imap_idex_l0_raw_20251217_v001/117,503167223,2025-12-11T16:40:23.631733Z
imap_idex_l0_raw_20251217_v001/118,503173647,2025-12-11T18:27:27.536121Z
imap_idex_l0_raw_20251217_v001/119,503174462,2025-12-11T18:41:02.365507Z
imap_idex_l0_raw_20251217_v001/12,502976072,2025-12-09T11:34:32.231670Z
imap_idex_l0_raw_20251217_v001/120,503178047,2025-12-11T19:40:47.869614Z
imap_idex_l0_raw_20251217_v001/121,503179610,2025-12-11T20:06:50.135144Z
imap_idex_l0_raw_20251217_v001/122,503181397,2025-12-11T20:36:37.778287Z
imap_idex_l0_raw_20251217_v001/123,503182915,2025-12-11T21:01:55.806417Z
imap_idex_l0_raw_20251217_v001/124,503183231,2025-12-11T21:07:11.325593Z
imap_idex_l0_raw_20251217_v001/125,503184254,2025-12-11T21:24:14.414624Z
imap_idex_l0_raw_20251217_v001/126,503191758,2025-12-11T23:29:18.207332Z
imap_idex_l0_raw_20251217_v001/127,503195267,2025-12-12T00:27:47.839604Z
imap_idex_l0_raw_20251217_v001/128,503197767,2025-12-12T01:09:27.488470Z
imap_idex_l0_raw_20251217_v001/129,503198955,2025-12-12T01:29:15.772521Z
imap_idex_l0_raw_20251217_v001/13,502977366,2025-12-09T11:56:06.180136Z
imap_idex_l0_raw_20251217_v001/130,503202192,2025-12-12T02:23:12.176552Z
imap_idex_l0_raw_20251217_v001/131,503202772,2025-12-12T02:32:52.176868Z
imap_idex_l0_raw_20251217_v001/132,503204804,2025-12-12T03:06:44.808955Z
imap_idex_l0_raw_20251217_v001/133,503204941,2025-12-12T03:09:01.801105Z
imap_idex_l0_raw_20251217_v001/134,503206945,2025-12-12T03:42:25.713024Z
imap_idex_l0_raw_20251217_v001/135,503224838,2025-12-12T08:40:38.464593Z
imap_idex_l0_raw_20251217_v001/136,503225992,2025-12-12T08:59:52.401822Z
imap_idex_l0_raw_20251217_v001/137,503226891,2025-12-12T09:14:51.165727Z
imap_idex_l0_raw_20251217_v001/138,503229448,2025-12-12T09:57:28.137865Z
imap_idex_l0_raw_20251217_v001/139,503233373,2025-12-12T11:02:53.914731Z
imap_idex_l0_raw_20251217_v001/14,502980599,2025-12-09T12:49:59.473385Z
imap_idex_l0_raw_20251217_v001/140,503240513,2025-12-12T13:01:53.624327Z
imap_idex_l0_raw_20251217_v001/141,503243197,2025-12-12T13:46:37.712692Z
imap_idex_l0_raw_20251217_v001/142,503246689,2025-12-12T14:44:49.336293Z
imap_idex_l0_raw_20251217_v001/143,503247440,2025-12-12T14:57:20.164318Z
imap_idex_l0_raw_20251217_v001/144,503247897,2025-12-12T15:04:57.209312Z
imap_idex_l0_raw_20251217_v001/145,503250370,2025-12-12T15:46:10.640310Z
imap_idex_l0_raw_20251217_v001/146,503253524,2025-12-12T16:38:44.720897Z
imap_idex_l0_raw_20251217_v001/147,503256393,2025-12-12T17:26:33.820970Z
imap_idex_l0_raw_20251217_v001/148,503261779,2025-12-12T18:56:19.472883Z
imap_idex_l0_raw_20251217_v001/149,503263149,2025-12-12T19:19:09.712774Z
imap_idex_l0_raw_20251217_v001/15,502982389,2025-12-09T13:19:49.674967Z
imap_idex_l0_raw_20251217_v001/150,503267657,2025-12-12T20:34:17.577752Z
imap_idex_l0_raw_20251217_v001/151,503277434,2025-12-12T23:17:14.725331Z
imap_idex_l0_raw_20251217_v001/152,503281598,2025-12-13T00:26:38.238133Z
imap_idex_l0_raw_20251217_v001/153,503292441,2025-12-13T03:27:21.641285Z
imap_idex_l0_raw_20251217_v001/154,503293514,2025-12-13T03:45:14.191929Z
imap_idex_l0_raw_20251217_v001/155,503315448,2025-12-13T09:50:48.198914Z
imap_idex_l0_raw_20251217_v001/156,503316283,2025-12-13T10:04:43.420608Z
imap_idex_l0_raw_20251217_v001/157,503316352,2025-12-13T10:05:52.574103Z
imap_idex_l0_raw_20251217_v001/158,503322662,2025-12-13T11:51:02.760339Z
imap_idex_l0_raw_20251217_v001/159,503323039,2025-12-13T11:57:19.382342Z
imap_idex_l0_raw_20251217_v001/16,502983487,2025-12-09T13:38:07.653789Z
imap_idex_l0_raw_20251217_v001/160,503324612,2025-12-13T12:23:32.638254Z
imap_idex_l0_raw_20251217_v001/161,503329813,2025-12-13T13:50:13.427436Z
imap_idex_l0_raw_20251217_v001/162,503333972,2025-12-13T14:59:32.871620Z
imap_idex_l0_raw_20251217_v001/163,503335720,2025-12-13T15:28:40.674405Z
imap_idex_l0_raw_20251217_v001/164,503342475,2025-12-13T17:21:15.203934Z
imap_idex_l0_raw_20251217_v001/165,503343460,2025-12-13T17:37:40.703704Z
imap_idex_l0_raw_20251217_v001/166,503344388,2025-12-13T17:53:08.125819Z
imap_idex_l0_raw_20251217_v001/167,503354490,2025-12-13T20:41:30.971581Z
imap_idex_l0_raw_20251217_v001/168,503356163,2025-12-13T21:09:23.852586Z
imap_idex_l0_raw_20251217_v001/169,503361081,2025-12-13T22:31:21.881495Z
imap_idex_l0_raw_20251217_v001/17,502990130,2025-12-09T15:28:50.938125Z
imap_idex_l0_raw_20251217_v001/170,503363013,2025-12-13T23:03:33.798246Z
imap_idex_l0_raw_20251217_v001/171,503368627,2025-12-14T00:37:07.196404Z
imap_idex_l0_raw_20251217_v001/172,503369425,2025-12-14T00:50:25.234266Z
imap_idex_l0_raw_20251217_v001/173,503369554,2025-12-14T00:52:34.635518Z
imap_idex_l0_raw_20251217_v001/174,503399234,2025-12-14T09:07:14.873304Z
imap_idex_l0_raw_20251217_v001/175,503400106,2025-12-14T09:21:46.432867Z
imap_idex_l0_raw_20251217_v001/176,503402028,2025-12-14T09:53:48.194700Z
imap_idex_l0_raw_20251217_v001/177,503407644,2025-12-14T11:27:24.407784Z
imap_idex_l0_raw_20251217_v001/178,503417414,2025-12-14T14:10:14.697703Z
imap_idex_l0_raw_20251217_v001/179,503419374,2025-12-14T14:42:54.431805Z
imap_idex_l0_raw_20251217_v001/18,502991371,2025-12-09T15:49:31.661414Z
imap_idex_l0_raw_20251217_v001/180,503422677,2025-12-14T15:37:57.931260Z
imap_idex_l0_raw_20251217_v001/181,503422860,2025-12-14T15:41:00.997467Z
imap_idex_l0_raw_20251217_v001/182,503436610,2025-12-14T19:30:10.436948Z
imap_idex_l0_raw_20251217_v001/183,503444735,2025-12-14T21:45:35.787345Z
imap_idex_l0_raw_20251217_v001/184,503465011,2025-12-15T03:23:31.146447Z
imap_idex_l0_raw_20251217_v001/185,503465314,2025-12-15T03:28:34.425524Z
imap_idex_l0_raw_20251217_v001/186,503477218,2025-12-15T06:46:58.340107Z
imap_idex_l0_raw_20251217_v001/187,503482092,2025-12-15T08:08:12.610856Z
imap_idex_l0_raw_20251217_v001/188,503482229,2025-12-15T08:10:29.783283Z
imap_idex_l0_raw_20251217_v001/189,503495117,2025-12-15T11:45:17.452300Z
imap_idex_l0_raw_20251217_v001/19,502991683,2025-12-09T15:54:43.369056Z
imap_idex_l0_raw_20251217_v001/190,503495807,2025-12-15T11:56:47.709966Z
imap_idex_l0_raw_20251217_v001/191,503499644,2025-12-15T13:00:44.881974Z
imap_idex_l0_raw_20251217_v001/192,503500988,2025-12-15T13:23:08.167392Z
imap_idex_l0_raw_20251217_v001/193,503520502,2025-12-15T18:48:22.674679Z
imap_idex_l0_raw_20251217_v001/194,503523061,2025-12-15T19:31:01.722736Z
imap_idex_l0_raw_20251217_v001/195,503524618,2025-12-15T19:56:58.881798Z
imap_idex_l0_raw_20251217_v001/196,503533079,2025-12-15T22:17:59.104276Z
imap_idex_l0_raw_20251217_v001/197,503536551,2025-12-15T23:15:51.652484Z
imap_idex_l0_raw_20251217_v001/198,503543078,2025-12-16T01:04:38.580842Z
imap_idex_l0_raw_20251217_v001/199,503543220,2025-12-16T01:07:00.510419Z
imap_idex_l0_raw_20251217_v001/2,503625727,2025-12-17T00:02:07.898963Z
imap_idex_l0_raw_20251217_v001/20,502991800,2025-12-09T15:56:40.154103Z
imap_idex_l0_raw_20251217_v001/200,503558625,2025-12-16T05:23:45.195145Z
imap_idex_l0_raw_20251217_v001/201,503564611,2025-12-16T07:03:31.163174Z
imap_idex_l0_raw_20251217_v001/202,503569842,2025-12-16T08:30:42.766083Z
imap_idex_l0_raw_20251217_v001/203,503573578,2025-12-16T09:32:58.122116Z
imap_idex_l0_raw_20251217_v001/204,503576317,2025-12-16T10:18:37.770641Z
imap_idex_l0_raw_20251217_v001/205,503583314,2025-12-16T12:15:14.187013Z
imap_idex_l0_raw_20251217_v001/206,503588386,2025-12-16T13:39:46.987245Z
imap_idex_l0_raw_20251217_v001/207,503591981,2025-12-16T14:39:41.451191Z
imap_idex_l0_raw_20251217_v001/208,503595251,2025-12-16T15:34:11.129251Z
imap_idex_l0_raw_20251217_v001/209,503595605,2025-12-16T15:40:05.602130Z
imap_idex_l0_raw_20251217_v001/21,502992063,2025-12-09T16:01:03.819609Z
imap_idex_l0_raw_20251217_v001/210,503595812,2025-12-16T15:43:32.691999Z
imap_idex_l0_raw_20251217_v001/211,503614316,2025-12-16T20:51:56.799690Z
imap_idex_l0_raw_20251217_v001/212,503619619,2025-12-16T22:20:19.986765Z
imap_idex_l0_raw_20251217_v001/22,502994095,2025-12-09T16:34:55.320526Z
imap_idex_l0_raw_20251217_v001/23,502994878,2025-12-09T16:47:58.120149Z
imap_idex_l0_raw_20251217_v001/24,502996228,2025-12-09T17:10:28.277221Z
imap_idex_l0_raw_20251217_v001/25,502996826,2025-12-09T17:20:26.397008Z
imap_idex_l0_raw_20251217_v001/26,502997903,2025-12-09T17:38:23.384559Z
imap_idex_l0_raw_20251217_v001/27,503003965,2025-12-09T19:19:25.791234Z
imap_idex_l0_raw_20251217_v001/28,503005403,2025-12-09T19:43:23.815411Z
imap_idex_l0_raw_20251217_v001/29,503007141,2025-12-09T20:12:21.680674Z
imap_idex_l0_raw_20251217_v001/3,503625735,2025-12-17T00:02:15.217624Z
imap_idex_l0_raw_20251217_v001/30,503007396,2025-12-09T20:16:36.979485Z
imap_idex_l0_raw_20251217_v001/31,503008194,2025-12-09T20:29:54.982292Z
imap_idex_l0_raw_20251217_v001/32,503008799,2025-12-09T20:39:59.400674Z
imap_idex_l0_raw_20251217_v001/33,503009801,2025-12-09T20:56:41.499846Z
imap_idex_l0_raw_20251217_v001/34,503011543,2025-12-09T21:25:43.556525Z
imap_idex_l0_raw_20251217_v001/35,503012203,2025-12-09T21:36:43.203144Z
imap_idex_l0_raw_20251217_v001/36,503013782,2025-12-09T22:03:02.482418Z
imap_idex_l0_raw_20251217_v001/37,503015971,2025-12-09T22:39:31.311435Z
imap_idex_l0_raw_20251217_v001/38,503017049,2025-12-09T22:57:29.132893Z
imap_idex_l0_raw_20251217_v001/39,503017063,2025-12-09T22:57:43.177594Z
imap_idex_l0_raw_20251217_v001/4,503625743,2025-12-17T00:02:23.344629Z
imap_idex_l0_raw_20251217_v001/40,503017727,2025-12-09T23:08:47.893660Z
imap_idex_l0_raw_20251217_v001/41,503017949,2025-12-09T23:12:29.289346Z
imap_idex_l0_raw_20251217_v001/42,503019579,2025-12-09T23:39:39.129773Z
imap_idex_l0_raw_20251217_v001/43,503020584,2025-12-09T23:56:24.153648Z
imap_idex_l0_raw_20251217_v001/44,503020740,2025-12-09T23:59:00.210680Z
imap_idex_l0_raw_20251217_v001/45,503024956,2025-12-10T01:09:16.441361Z
imap_idex_l0_raw_20251217_v001/46,503025349,2025-12-10T01:15:49.354133Z
imap_idex_l0_raw_20251217_v001/47,503025666,2025-12-10T01:21:06.566819Z
imap_idex_l0_raw_20251217_v001/48,503026407,2025-12-10T01:33:27.440577Z
imap_idex_l0_raw_20251217_v001/49,503026859,2025-12-10T01:40:59.443202Z
imap_idex_l0_raw_20251217_v001/5,503625751,2025-12-17T00:02:31.633382Z
imap_idex_l0_raw_20251217_v001/50,503027888,2025-12-10T01:58:08.192092Z
imap_idex_l0_raw_20251217_v001/51,503031559,2025-12-10T02:59:19.250237Z
imap_idex_l0_raw_20251217_v001/52,503033881,2025-12-10T03:38:01.272990Z
imap_idex_l0_raw_20251217_v001/53,503035395,2025-12-10T04:03:15.197248Z
imap_idex_l0_raw_20251217_v001/54,503038176,2025-12-10T04:49:36.823874Z
imap_idex_l0_raw_20251217_v001/55,503043450,2025-12-10T06:17:30.557231Z
imap_idex_l0_raw_20251217_v001/56,503044882,2025-12-10T06:41:22.633208Z
imap_idex_l0_raw_20251217_v001/57,503045139,2025-12-10T06:45:39.851217Z
imap_idex_l0_raw_20251217_v001/58,503045462,2025-12-10T06:51:02.915360Z
imap_idex_l0_raw_20251217_v001/59,503047291,2025-12-10T07:21:31.195472Z
imap_idex_l0_raw_20251217_v001/6,503625759,2025-12-17T00:02:39.750068Z
imap_idex_l0_raw_20251217_v001/60,503048554,2025-12-10T07:42:34.649774Z
imap_idex_l0_raw_20251217_v001/61,503051177,2025-12-10T08:26:17.477446Z
imap_idex_l0_raw_20251217_v001/62,503051361,2025-12-10T08:29:21.170437Z
imap_idex_l0_raw_20251217_v001/63,503051649,2025-12-10T08:34:09.141434Z
imap_idex_l0_raw_20251217_v001/64,503052026,2025-12-10T08:40:26.429801Z
imap_idex_l0_raw_20251217_v001/65,503054756,2025-12-10T09:25:56.909615Z
imap_idex_l0_raw_20251217_v001/66,503054790,2025-12-10T09:26:30.474197Z
imap_idex_l0_raw_20251217_v001/67,503055104,2025-12-10T09:31:44.934034Z
imap_idex_l0_raw_20251217_v001/68,503055954,2025-12-10T09:45:54.748230Z
imap_idex_l0_raw_20251217_v001/69,503058386,2025-12-10T10:26:26.588254Z
imap_idex_l0_raw_20251217_v001/7,503625773,2025-12-17T00:02:53.762122Z
imap_idex_l0_raw_20251217_v001/70,503060832,2025-12-10T11:07:12.779583Z
imap_idex_l0_raw_20251217_v001/71,503062488,2025-12-10T11:34:48.422903Z
imap_idex_l0_raw_20251217_v001/72,503065210,2025-12-10T12:20:10.890245Z
imap_idex_l0_raw_20251217_v001/73,503071049,2025-12-10T13:57:29.197510Z
imap_idex_l0_raw_20251217_v001/74,503072883,2025-12-10T14:28:03.877734Z
imap_idex_l0_raw_20251217_v001/75,503076463,2025-12-10T15:27:43.301543Z
imap_idex_l0_raw_20251217_v001/76,503079673,2025-12-10T16:21:13.488631Z
imap_idex_l0_raw_20251217_v001/77,503083144,2025-12-10T17:19:04.259634Z
imap_idex_l0_raw_20251217_v001/78,503083910,2025-12-10T17:31:50.997062Z
imap_idex_l0_raw_20251217_v001/79,503084354,2025-12-10T17:39:14.112952Z
imap_idex_l0_raw_20251217_v001/8,503625785,2025-12-17T00:03:05.297353Z
imap_idex_l0_raw_20251217_v001/80,503086784,2025-12-10T18:19:44.924942Z
imap_idex_l0_raw_20251217_v001/81,503088179,2025-12-10T18:42:59.643425Z
imap_idex_l0_raw_20251217_v001/82,503091799,2025-12-10T19:43:19.538587Z
imap_idex_l0_raw_20251217_v001/83,503093253,2025-12-10T20:07:33.966934Z
imap_idex_l0_raw_20251217_v001/84,503094947,2025-12-10T20:35:47.237453Z
imap_idex_l0_raw_20251217_v001/85,503098093,2025-12-10T21:28:13.775864Z
imap_idex_l0_raw_20251217_v001/86,503099149,2025-12-10T21:45:49.153611Z
imap_idex_l0_raw_20251217_v001/87,503101009,2025-12-10T22:16:49.428903Z
imap_idex_l0_raw_20251217_v001/88,503101824,2025-12-10T22:30:24.978494Z
imap_idex_l0_raw_20251217_v001/89,503102681,2025-12-10T22:44:41.165482Z
imap_idex_l0_raw_20251217_v001/9,503625797,2025-12-17T00:03:17.984918Z
imap_idex_l0_raw_20251217_v001/90,503102759,2025-12-10T22:45:59.598849Z
imap_idex_l0_raw_20251217_v001/91,503105157,2025-12-10T23:25:57.875172Z
imap_idex_l0_raw_20251217_v001/92,503105186,2025-12-10T23:26:26.706069Z
imap_idex_l0_raw_20251217_v001/93,503106145,2025-12-10T23:42:25.646026Z
imap_idex_l0_raw_20251217_v001/94,503109913,2025-12-11T00:45:13.320264Z
imap_idex_l0_raw_20251217_v001/95,503110063,2025-12-11T00:47:43.870671Z
imap_idex_l0_raw_20251217_v001/96,503110661,2025-12-11T00:57:41.262435Z
imap_idex_l0_raw_20251217_v001/97,503121069,2025-12-11T03:51:09.641310Z
imap_idex_l0_raw_20251217_v001/98,503123617,2025-12-11T04:33:37.543271Z
imap_idex_l0_raw_20251217_v001/99,503124210,2025-12-11T04:43:30.470613Z
imap_idex_l0_raw_20251218_v003/1,502762339,2025-12-07T00:12:19.765251Z
imap_idex_l0_raw_20251218_v003/10,502779742,2025-12-07T05:02:22.708154Z
imap_idex_l0_raw_20251218_v003/100,502919056,2025-12-08T19:44:16.888097Z
imap_idex_l0_raw_20251218_v003/101,502921132,2025-12-08T20:18:52.310731Z
imap_idex_l0_raw_20251218_v003/102,502923337,2025-12-08T20:55:37.955261Z
imap_idex_l0_raw_20251218_v003/103,502924012,2025-12-08T21:06:52.742691Z
imap_idex_l0_raw_20251218_v003/104,502925559,2025-12-08T21:32:39.776907Z
imap_idex_l0_raw_20251218_v003/105,502926728,2025-12-08T21:52:08.363887Z
imap_idex_l0_raw_20251218_v003/106,502926791,2025-12-08T21:53:11.426207Z
imap_idex_l0_raw_20251218_v003/107,502927683,2025-12-08T22:08:03.387541Z
imap_idex_l0_raw_20251218_v003/108,502928574,2025-12-08T22:22:54.351990Z
imap_idex_l0_raw_20251218_v003/109,502929346,2025-12-08T22:35:46.516262Z
imap_idex_l0_raw_20251218_v003/11,502780215,2025-12-07T05:10:15.568894Z
imap_idex_l0_raw_20251218_v003/110,502929378,2025-12-08T22:36:18.986084Z
imap_idex_l0_raw_20251218_v003/111,502930581,2025-12-08T22:56:21.604477Z
imap_idex_l0_raw_20251218_v003/112,502931810,2025-12-08T23:16:50.714193Z
imap_idex_l0_raw_20251218_v003/113,502931984,2025-12-08T23:19:44.164769Z
imap_idex_l0_raw_20251218_v003/114,502933015,2025-12-08T23:36:55.853253Z
imap_idex_l0_raw_20251218_v003/115,502933688,2025-12-08T23:48:08.862250Z
imap_idex_l0_raw_20251218_v003/12,502781186,2025-12-07T05:26:26.541125Z
imap_idex_l0_raw_20251218_v003/13,502783844,2025-12-07T06:10:44.772153Z
imap_idex_l0_raw_20251218_v003/14,502785394,2025-12-07T06:36:34.562691Z
imap_idex_l0_raw_20251218_v003/15,502785833,2025-12-07T06:43:53.964824Z
imap_idex_l0_raw_20251218_v003/16,502786792,2025-12-07T06:59:52.885330Z
imap_idex_l0_raw_20251218_v003/17,502789226,2025-12-07T07:40:26.932157Z
imap_idex_l0_raw_20251218_v003/18,502789809,2025-12-07T07:50:09.790284Z
imap_idex_l0_raw_20251218_v003/19,502790404,2025-12-07T08:00:04.541102Z
imap_idex_l0_raw_20251218_v003/2,502762668,2025-12-07T00:17:48.508846Z
imap_idex_l0_raw_20251218_v003/20,502790772,2025-12-07T08:06:12.350434Z
imap_idex_l0_raw_20251218_v003/21,502791426,2025-12-07T08:17:06.555299Z
imap_idex_l0_raw_20251218_v003/22,502795722,2025-12-07T09:28:42.210915Z
imap_idex_l0_raw_20251218_v003/23,502799951,2025-12-07T10:39:11.228946Z
imap_idex_l0_raw_20251218_v003/24,502800848,2025-12-07T10:54:08.820239Z
imap_idex_l0_raw_20251218_v003/25,502801459,2025-12-07T11:04:19.121647Z
imap_idex_l0_raw_20251218_v003/26,502803451,2025-12-07T11:37:31.850948Z
imap_idex_l0_raw_20251218_v003/27,502804337,2025-12-07T11:52:17.275939Z
imap_idex_l0_raw_20251218_v003/28,502805930,2025-12-07T12:18:50.798086Z
imap_idex_l0_raw_20251218_v003/29,502808076,2025-12-07T12:54:36.925996Z
imap_idex_l0_raw_20251218_v003/3,502763204,2025-12-07T00:26:44.181716Z
imap_idex_l0_raw_20251218_v003/30,502811718,2025-12-07T13:55:18.175009Z
imap_idex_l0_raw_20251218_v003/31,502812489,2025-12-07T14:08:09.190638Z
imap_idex_l0_raw_20251218_v003/32,502815011,2025-12-07T14:50:11.899801Z
imap_idex_l0_raw_20251218_v003/33,502815688,2025-12-07T15:01:28.332894Z
imap_idex_l0_raw_20251218_v003/34,502815883,2025-12-07T15:04:43.708180Z
imap_idex_l0_raw_20251218_v003/35,502817948,2025-12-07T15:39:08.332414Z
imap_idex_l0_raw_20251218_v003/36,502819061,2025-12-07T15:57:41.493883Z
imap_idex_l0_raw_20251218_v003/37,502819685,2025-12-07T16:08:05.770336Z
imap_idex_l0_raw_20251218_v003/38,502820245,2025-12-07T16:17:25.308485Z
imap_idex_l0_raw_20251218_v003/39,502823815,2025-12-07T17:16:55.484633Z
imap_idex_l0_raw_20251218_v003/4,502767315,2025-12-07T01:35:15.435108Z
imap_idex_l0_raw_20251218_v003/40,502824102,2025-12-07T17:21:42.855675Z
imap_idex_l0_raw_20251218_v003/41,502824120,2025-12-07T17:22:00.875425Z
imap_idex_l0_raw_20251218_v003/42,502825517,2025-12-07T17:45:17.240664Z
imap_idex_l0_raw_20251218_v003/43,502827784,2025-12-07T18:23:04.615335Z
imap_idex_l0_raw_20251218_v003/44,502829375,2025-12-07T18:49:35.113725Z
imap_idex_l0_raw_20251218_v003/45,502829694,2025-12-07T18:54:54.581490Z
imap_idex_l0_raw_20251218_v003/46,502829778,2025-12-07T18:56:18.474837Z
imap_idex_l0_raw_20251218_v003/47,502830395,2025-12-07T19:06:35.191207Z
imap_idex_l0_raw_20251218_v003/48,502833514,2025-12-07T19:58:34.530048Z
imap_idex_l0_raw_20251218_v003/49,502834185,2025-12-07T20:09:45.798645Z
imap_idex_l0_raw_20251218_v003/5,502770928,2025-12-07T02:35:28.375017Z
imap_idex_l0_raw_20251218_v003/50,502835493,2025-12-07T20:31:33.125823Z
imap_idex_l0_raw_20251218_v003/51,502835566,2025-12-07T20:32:46.484380Z
imap_idex_l0_raw_20251218_v003/52,502835719,2025-12-07T20:35:19.791009Z
imap_idex_l0_raw_20251218_v003/53,502837209,2025-12-07T21:00:09.216135Z
imap_idex_l0_raw_20251218_v003/54,502838022,2025-12-07T21:13:42.287288Z
imap_idex_l0_raw_20251218_v003/55,502841406,2025-12-07T22:10:06.846659Z
imap_idex_l0_raw_20251218_v003/56,502841948,2025-12-07T22:19:08.640026Z
imap_idex_l0_raw_20251218_v003/57,502842614,2025-12-07T22:30:14.691335Z
imap_idex_l0_raw_20251218_v003/58,502843450,2025-12-07T22:44:10.757091Z
imap_idex_l0_raw_20251218_v003/59,502845237,2025-12-07T23:13:57.213639Z
imap_idex_l0_raw_20251218_v003/6,502772277,2025-12-07T02:57:57.164747Z
imap_idex_l0_raw_20251218_v003/60,502848437,2025-12-08T00:07:17.112855Z
imap_idex_l0_raw_20251218_v003/61,502849262,2025-12-08T00:21:02.311133Z
imap_idex_l0_raw_20251218_v003/62,502850592,2025-12-08T00:43:12.863719Z
imap_idex_l0_raw_20251218_v003/63,502851226,2025-12-08T00:53:46.138488Z
imap_idex_l0_raw_20251218_v003/64,502852417,2025-12-08T01:13:37.294436Z
imap_idex_l0_raw_20251218_v003/65,502854840,2025-12-08T01:54:00.291396Z
imap_idex_l0_raw_20251218_v003/66,502855162,2025-12-08T01:59:22.418344Z
imap_idex_l0_raw_20251218_v003/67,502855343,2025-12-08T02:02:23.587336Z
imap_idex_l0_raw_20251218_v003/68,502857912,2025-12-08T02:45:12.651912Z
imap_idex_l0_raw_20251218_v003/69,502858248,2025-12-08T02:50:48.933523Z
imap_idex_l0_raw_20251218_v003/7,502773632,2025-12-07T03:20:32.959274Z
imap_idex_l0_raw_20251218_v003/70,502863445,2025-12-08T04:17:25.195545Z
imap_idex_l0_raw_20251218_v003/71,502863773,2025-12-08T04:22:53.610118Z
imap_idex_l0_raw_20251218_v003/72,502863785,2025-12-08T04:23:05.282731Z
imap_idex_l0_raw_20251218_v003/73,502865495,2025-12-08T04:51:35.723978Z
imap_idex_l0_raw_20251218_v003/74,502865621,2025-12-08T04:53:41.331410Z
imap_idex_l0_raw_20251218_v003/75,502866305,2025-12-08T05:05:05.348442Z
imap_idex_l0_raw_20251218_v003/76,502866424,2025-12-08T05:07:04.986726Z
imap_idex_l0_raw_20251218_v003/77,502868980,2025-12-08T05:49:40.953203Z
imap_idex_l0_raw_20251218_v003/78,502872611,2025-12-08T06:50:11.305081Z
imap_idex_l0_raw_20251218_v003/79,502872734,2025-12-08T06:52:14.311865Z
imap_idex_l0_raw_20251218_v003/8,502774051,2025-12-07T03:27:31.287266Z
imap_idex_l0_raw_20251218_v003/80,502875377,2025-12-08T07:36:17.880461Z
imap_idex_l0_raw_20251218_v003/81,502879648,2025-12-08T08:47:28.100265Z
imap_idex_l0_raw_20251218_v003/82,502885570,2025-12-08T10:26:10.881078Z
imap_idex_l0_raw_20251218_v003/83,502886345,2025-12-08T10:39:05.445472Z
imap_idex_l0_raw_20251218_v003/84,502887018,2025-12-08T10:50:18.993102Z
imap_idex_l0_raw_20251218_v003/85,502892495,2025-12-08T12:21:35.917461Z
imap_idex_l0_raw_20251218_v003/86,502893099,2025-12-08T12:31:39.787562Z
imap_idex_l0_raw_20251218_v003/87,502895002,2025-12-08T13:03:22.884450Z
imap_idex_l0_raw_20251218_v003/88,502897208,2025-12-08T13:40:08.715746Z
imap_idex_l0_raw_20251218_v003/89,502897943,2025-12-08T13:52:23.360647Z
imap_idex_l0_raw_20251218_v003/9,502779365,2025-12-07T04:56:05.143658Z
imap_idex_l0_raw_20251218_v003/90,502898455,2025-12-08T14:00:55.769453Z
imap_idex_l0_raw_20251218_v003/91,502901672,2025-12-08T14:54:32.389049Z
imap_idex_l0_raw_20251218_v003/92,502901922,2025-12-08T14:58:42.334605Z
imap_idex_l0_raw_20251218_v003/93,502904594,2025-12-08T15:43:14.436130Z
imap_idex_l0_raw_20251218_v003/94,502905411,2025-12-08T15:56:51.506362Z
imap_idex_l0_raw_20251218_v003/95,502908889,2025-12-08T16:54:49.663808Z
imap_idex_l0_raw_20251218_v003/96,502910148,2025-12-08T17:15:48.427738Z
imap_idex_l0_raw_20251218_v003/97,502911155,2025-12-08T17:32:35.921692Z
imap_idex_l0_raw_20251218_v003/98,502912425,2025-12-08T17:53:45.114116Z
imap_idex_l0_raw_20251218_v003/99,502918909,2025-12-08T19:41:49.713434Z
imap_idex_l0_raw_20251225_v001/1,504316921,2025-12-25T00:02:01.777144Z
imap_idex_l0_raw_20251225_v001/10,504317009,2025-12-25T00:03:29.476797Z
imap_idex_l0_raw_20251225_v001/100,504168447,2025-12-23T06:47:27.437554Z
imap_idex_l0_raw_20251225_v001/101,504170831,2025-12-23T07:27:11.959718Z
imap_idex_l0_raw_20251225_v001/102,504180541,2025-12-23T10:09:01.819184Z
imap_idex_l0_raw_20251225_v001/103,504180983,2025-12-23T10:16:23.377921Z
imap_idex_l0_raw_20251225_v001/104,504190156,2025-12-23T12:49:16.457858Z
imap_idex_l0_raw_20251225_v001/105,504190408,2025-12-23T12:53:28.792903Z
imap_idex_l0_raw_20251225_v001/106,504190727,2025-12-23T12:58:47.492677Z
imap_idex_l0_raw_20251225_v001/107,504197338,2025-12-23T14:48:58.372676Z
imap_idex_l0_raw_20251225_v001/108,504209353,2025-12-23T18:09:13.540895Z
imap_idex_l0_raw_20251225_v001/109,504210425,2025-12-23T18:27:05.382823Z
imap_idex_l0_raw_20251225_v001/11,503631886,2025-12-17T01:44:46.977789Z
imap_idex_l0_raw_20251225_v001/110,504211391,2025-12-23T18:43:11.907825Z
imap_idex_l0_raw_20251225_v001/111,504214956,2025-12-23T19:42:36.811843Z
imap_idex_l0_raw_20251225_v001/112,504219220,2025-12-23T20:53:40.872405Z
imap_idex_l0_raw_20251225_v001/113,504220632,2025-12-23T21:17:12.189268Z
imap_idex_l0_raw_20251225_v001/114,504223975,2025-12-23T22:12:55.471895Z
imap_idex_l0_raw_20251225_v001/115,504224659,2025-12-23T22:24:19.329945Z
imap_idex_l0_raw_20251225_v001/116,504232460,2025-12-24T00:34:20.583166Z
imap_idex_l0_raw_20251225_v001/117,504234296,2025-12-24T01:04:56.780878Z
imap_idex_l0_raw_20251225_v001/118,504238640,2025-12-24T02:17:20.224601Z
imap_idex_l0_raw_20251225_v001/119,504241831,2025-12-24T03:10:31.815943Z
imap_idex_l0_raw_20251225_v001/12,503632699,2025-12-17T01:58:19.728291Z
imap_idex_l0_raw_20251225_v001/120,504242276,2025-12-24T03:17:56.767055Z
imap_idex_l0_raw_20251225_v001/121,504242343,2025-12-24T03:19:03.116605Z
imap_idex_l0_raw_20251225_v001/122,504246387,2025-12-24T04:26:27.679287Z
imap_idex_l0_raw_20251225_v001/123,504251674,2025-12-24T05:54:34.126636Z
imap_idex_l0_raw_20251225_v001/124,504252257,2025-12-24T06:04:17.231046Z
imap_idex_l0_raw_20251225_v001/125,504255240,2025-12-24T06:54:00.644782Z
imap_idex_l0_raw_20251225_v001/126,504261929,2025-12-24T08:45:29.626738Z
imap_idex_l0_raw_20251225_v001/127,504263712,2025-12-24T09:15:12.163273Z
imap_idex_l0_raw_20251225_v001/128,504266826,2025-12-24T10:07:06.849554Z
imap_idex_l0_raw_20251225_v001/129,504280117,2025-12-24T13:48:37.773615Z
imap_idex_l0_raw_20251225_v001/13,503633427,2025-12-17T02:10:27.440579Z
imap_idex_l0_raw_20251225_v001/130,504287761,2025-12-24T15:56:01.782975Z
imap_idex_l0_raw_20251225_v001/131,504293597,2025-12-24T17:33:17.770637Z
imap_idex_l0_raw_20251225_v001/132,504297996,2025-12-24T18:46:36.126230Z
imap_idex_l0_raw_20251225_v001/133,504301657,2025-12-24T19:47:37.266629Z
imap_idex_l0_raw_20251225_v001/134,504302225,2025-12-24T19:57:05.947201Z
imap_idex_l0_raw_20251225_v001/135,504311004,2025-12-24T22:23:24.936436Z
imap_idex_l0_raw_20251225_v001/14,503633820,2025-12-17T02:17:00.590140Z
imap_idex_l0_raw_20251225_v001/15,503650740,2025-12-17T06:59:00.753784Z
imap_idex_l0_raw_20251225_v001/16,503651183,2025-12-17T07:06:23.597562Z
imap_idex_l0_raw_20251225_v001/17,503656051,2025-12-17T08:27:31.593426Z
imap_idex_l0_raw_20251225_v001/18,503660047,2025-12-17T09:34:07.356449Z
imap_idex_l0_raw_20251225_v001/19,503678682,2025-12-17T14:44:42.260724Z
imap_idex_l0_raw_20251225_v001/2,504316927,2025-12-25T00:02:07.978166Z
imap_idex_l0_raw_20251225_v001/20,503691915,2025-12-17T18:25:15.566088Z
imap_idex_l0_raw_20251225_v001/21,503694055,2025-12-17T19:00:55.482174Z
imap_idex_l0_raw_20251225_v001/22,503698792,2025-12-17T20:19:52.312497Z
imap_idex_l0_raw_20251225_v001/23,503712402,2025-12-18T00:06:42.689173Z
imap_idex_l0_raw_20251225_v001/24,503723742,2025-12-18T03:15:42.467919Z
imap_idex_l0_raw_20251225_v001/25,503729715,2025-12-18T04:55:15.786338Z
imap_idex_l0_raw_20251225_v001/26,503732278,2025-12-18T05:37:58.431693Z
imap_idex_l0_raw_20251225_v001/27,503736438,2025-12-18T06:47:18.320670Z
imap_idex_l0_raw_20251225_v001/28,503737143,2025-12-18T06:59:03.885165Z
imap_idex_l0_raw_20251225_v001/29,503744328,2025-12-18T08:58:48.224034Z
imap_idex_l0_raw_20251225_v001/3,504316935,2025-12-25T00:02:15.575446Z
imap_idex_l0_raw_20251225_v001/30,503744351,2025-12-18T08:59:11.834041Z
imap_idex_l0_raw_20251225_v001/31,503749917,2025-12-18T10:31:57.500387Z
imap_idex_l0_raw_20251225_v001/32,503755429,2025-12-18T12:03:49.675979Z
imap_idex_l0_raw_20251225_v001/33,503799426,2025-12-19T00:17:06.694376Z
imap_idex_l0_raw_20251225_v001/34,503802437,2025-12-19T01:07:17.151707Z
imap_idex_l0_raw_20251225_v001/35,503817846,2025-12-19T05:24:06.316398Z
imap_idex_l0_raw_20251225_v001/36,503821144,2025-12-19T06:19:04.548938Z
imap_idex_l0_raw_20251225_v001/37,503824996,2025-12-19T07:23:16.479109Z
imap_idex_l0_raw_20251225_v001/38,503828439,2025-12-19T08:20:39.326363Z
imap_idex_l0_raw_20251225_v001/39,503833610,2025-12-19T09:46:50.713602Z
imap_idex_l0_raw_20251225_v001/4,504316943,2025-12-25T00:02:23.781771Z
imap_idex_l0_raw_20251225_v001/40,503835672,2025-12-19T10:21:12.459379Z
imap_idex_l0_raw_20251225_v001/41,503837735,2025-12-19T10:55:35.669245Z
imap_idex_l0_raw_20251225_v001/42,503857409,2025-12-19T16:23:29.320002Z
imap_idex_l0_raw_20251225_v001/43,503878089,2025-12-19T22:08:09.145334Z
imap_idex_l0_raw_20251225_v001/44,503896577,2025-12-20T03:16:17.520814Z
imap_idex_l0_raw_20251225_v001/45,503897864,2025-12-20T03:37:44.161293Z
imap_idex_l0_raw_20251225_v001/46,503903852,2025-12-20T05:17:32.764853Z
imap_idex_l0_raw_20251225_v001/47,503905606,2025-12-20T05:46:46.926743Z
imap_idex_l0_raw_20251225_v001/48,503905641,2025-12-20T05:47:21.306372Z
imap_idex_l0_raw_20251225_v001/49,503907646,2025-12-20T06:20:46.877928Z
imap_idex_l0_raw_20251225_v001/5,504316951,2025-12-25T00:02:31.616102Z
imap_idex_l0_raw_20251225_v001/50,503908705,2025-12-20T06:38:25.741825Z
imap_idex_l0_raw_20251225_v001/51,503916308,2025-12-20T08:45:08.885045Z
imap_idex_l0_raw_20251225_v001/52,503923009,2025-12-20T10:36:49.382690Z
imap_idex_l0_raw_20251225_v001/53,503924018,2025-12-20T10:53:38.526246Z
imap_idex_l0_raw_20251225_v001/54,503924145,2025-12-20T10:55:45.130752Z
imap_idex_l0_raw_20251225_v001/55,503927316,2025-12-20T11:48:36.825965Z
imap_idex_l0_raw_20251225_v001/56,503951808,2025-12-20T18:36:48.281319Z
imap_idex_l0_raw_20251225_v001/57,503957184,2025-12-20T20:06:24.354373Z
imap_idex_l0_raw_20251225_v001/58,503963199,2025-12-20T21:46:39.190667Z
imap_idex_l0_raw_20251225_v001/59,503966947,2025-12-20T22:49:07.618686Z
imap_idex_l0_raw_20251225_v001/6,504316959,2025-12-25T00:02:39.113250Z
imap_idex_l0_raw_20251225_v001/60,503967590,2025-12-20T22:59:50.819445Z
imap_idex_l0_raw_20251225_v001/61,503978393,2025-12-21T01:59:53.321902Z
imap_idex_l0_raw_20251225_v001/62,503990245,2025-12-21T05:17:25.684625Z
imap_idex_l0_raw_20251225_v001/63,503992391,2025-12-21T05:53:11.569304Z
imap_idex_l0_raw_20251225_v001/64,503998955,2025-12-21T07:42:35.380185Z
imap_idex_l0_raw_20251225_v001/65,504003243,2025-12-21T08:54:03.308584Z
imap_idex_l0_raw_20251225_v001/66,504012000,2025-12-21T11:20:00.693590Z
imap_idex_l0_raw_20251225_v001/67,504012671,2025-12-21T11:31:11.191461Z
imap_idex_l0_raw_20251225_v001/68,504013134,2025-12-21T11:38:54.927921Z
imap_idex_l0_raw_20251225_v001/69,504016547,2025-12-21T12:35:47.393605Z
imap_idex_l0_raw_20251225_v001/7,504316973,2025-12-25T00:02:53.128297Z
imap_idex_l0_raw_20251225_v001/70,504024620,2025-12-21T14:50:20.511727Z
imap_idex_l0_raw_20251225_v001/71,504028071,2025-12-21T15:47:51.973258Z
imap_idex_l0_raw_20251225_v001/72,504031819,2025-12-21T16:50:19.968416Z
imap_idex_l0_raw_20251225_v001/73,504035627,2025-12-21T17:53:47.277789Z
imap_idex_l0_raw_20251225_v001/74,504038508,2025-12-21T18:41:48.587287Z
imap_idex_l0_raw_20251225_v001/75,504049444,2025-12-21T21:44:04.360664Z
imap_idex_l0_raw_20251225_v001/76,504051750,2025-12-21T22:22:30.170129Z
imap_idex_l0_raw_20251225_v001/77,504053163,2025-12-21T22:46:03.186036Z
imap_idex_l0_raw_20251225_v001/78,504055041,2025-12-21T23:17:21.879480Z
imap_idex_l0_raw_20251225_v001/79,504056913,2025-12-21T23:48:33.977406Z
imap_idex_l0_raw_20251225_v001/8,504316985,2025-12-25T00:03:05.131346Z
imap_idex_l0_raw_20251225_v001/80,504058968,2025-12-22T00:22:48.425595Z
imap_idex_l0_raw_20251225_v001/81,504061323,2025-12-22T01:02:03.260443Z
imap_idex_l0_raw_20251225_v001/82,504062898,2025-12-22T01:28:18.279170Z
imap_idex_l0_raw_20251225_v001/83,504065139,2025-12-22T02:05:39.899469Z
imap_idex_l0_raw_20251225_v001/84,504073914,2025-12-22T04:31:54.900735Z
imap_idex_l0_raw_20251225_v001/85,504075595,2025-12-22T04:59:55.215596Z
imap_idex_l0_raw_20251225_v001/86,504078024,2025-12-22T05:40:24.717271Z
imap_idex_l0_raw_20251225_v001/87,504085548,2025-12-22T07:45:48.505181Z
imap_idex_l0_raw_20251225_v001/88,504092406,2025-12-22T09:40:06.234189Z
imap_idex_l0_raw_20251225_v001/89,504096597,2025-12-22T10:49:57.144493Z
imap_idex_l0_raw_20251225_v001/9,504316997,2025-12-25T00:03:17.720521Z
imap_idex_l0_raw_20251225_v001/90,504101532,2025-12-22T12:12:12.381184Z
imap_idex_l0_raw_20251225_v001/91,504110805,2025-12-22T14:46:45.289836Z
imap_idex_l0_raw_20251225_v001/92,504119863,2025-12-22T17:17:43.528779Z
imap_idex_l0_raw_20251225_v001/93,504120063,2025-12-22T17:21:03.562832Z
imap_idex_l0_raw_20251225_v001/94,504122715,2025-12-22T18:05:15.695037Z
imap_idex_l0_raw_20251225_v001/95,504123036,2025-12-22T18:10:36.259284Z
imap_idex_l0_raw_20251225_v001/96,504123108,2025-12-22T18:11:48.729971Z
imap_idex_l0_raw_20251225_v001/97,504135144,2025-12-22T21:32:24.443756Z
imap_idex_l0_raw_20251225_v001/98,504140865,2025-12-22T23:07:45.321629Z
imap_idex_l0_raw_20251225_v001/99,504165643,2025-12-23T06:00:43.474040Z
imap_idex_l0_raw_20260102_v001/1,505008121,2026-01-02T00:02:01.867754Z
imap_idex_l0_raw_20260102_v001/10,505008209,2026-01-02T00:03:29.831953Z
imap_idex_l0_raw_20260102_v001/100,504886292,2025-12-31T14:11:32.836979Z
imap_idex_l0_raw_20260102_v001/101,504887791,2025-12-31T14:36:31.589664Z
imap_idex_l0_raw_20260102_v001/102,504889690,2025-12-31T15:08:10.537502Z
imap_idex_l0_raw_20260102_v001/103,504894332,2025-12-31T16:25:32.539333Z
imap_idex_l0_raw_20260102_v001/104,504897825,2025-12-31T17:23:45.111468Z
imap_idex_l0_raw_20260102_v001/105,504907120,2025-12-31T19:58:40.186702Z
imap_idex_l0_raw_20260102_v001/106,504910067,2025-12-31T20:47:47.806917Z
imap_idex_l0_raw_20260102_v001/107,504924242,2026-01-01T00:44:02.542424Z
imap_idex_l0_raw_20260102_v001/108,504927277,2026-01-01T01:34:37.660892Z
imap_idex_l0_raw_20260102_v001/109,504936849,2026-01-01T04:14:09.599660Z
imap_idex_l0_raw_20260102_v001/11,504327242,2025-12-25T02:54:02.300812Z
imap_idex_l0_raw_20260102_v001/110,504942092,2026-01-01T05:41:32.543225Z
imap_idex_l0_raw_20260102_v001/111,504964072,2026-01-01T11:47:52.441292Z
imap_idex_l0_raw_20260102_v001/112,504990955,2026-01-01T19:15:55.953091Z
imap_idex_l0_raw_20260102_v001/12,504329950,2025-12-25T03:39:10.737741Z
imap_idex_l0_raw_20260102_v001/13,504331899,2025-12-25T04:11:39.497789Z
imap_idex_l0_raw_20260102_v001/14,504332671,2025-12-25T04:24:31.133606Z
imap_idex_l0_raw_20260102_v001/15,504332756,2025-12-25T04:25:56.563727Z
imap_idex_l0_raw_20260102_v001/16,504333296,2025-12-25T04:34:56.692298Z
imap_idex_l0_raw_20260102_v001/17,504333507,2025-12-25T04:38:27.547304Z
imap_idex_l0_raw_20260102_v001/18,504334237,2025-12-25T04:50:37.360889Z
imap_idex_l0_raw_20260102_v001/19,504348418,2025-12-25T01:19:21.763000Z
imap_idex_l0_raw_20260102_v001/2,505008127,2026-01-02T00:02:07.591335Z
imap_idex_l0_raw_20260102_v001/20,504354520,2025-12-25T10:28:40.289808Z
imap_idex_l0_raw_20260102_v001/21,504357035,2025-12-25T11:10:35.987516Z
imap_idex_l0_raw_20260102_v001/22,504367516,2025-12-25T14:05:16.416947Z
imap_idex_l0_raw_20260102_v001/23,504370094,2025-12-25T14:48:14.755373Z
imap_idex_l0_raw_20260102_v001/24,504372270,2025-12-25T15:24:30.663813Z
imap_idex_l0_raw_20260102_v001/25,504391437,2025-12-25T20:43:57.117507Z
imap_idex_l0_raw_20260102_v001/26,504398798,2025-12-25T22:46:38.389932Z
imap_idex_l0_raw_20260102_v001/27,504405870,2025-12-26T00:44:30.498791Z
imap_idex_l0_raw_20260102_v001/28,504407760,2025-12-26T01:16:00.428779Z
imap_idex_l0_raw_20260102_v001/29,504413126,2025-12-26T02:45:26.503188Z
imap_idex_l0_raw_20260102_v001/3,505008135,2026-01-02T00:02:15.986357Z
imap_idex_l0_raw_20260102_v001/30,504421882,2025-12-26T05:11:22.160908Z
imap_idex_l0_raw_20260102_v001/31,504432219,2025-12-26T08:03:39.224332Z
imap_idex_l0_raw_20260102_v001/32,504439313,2025-12-26T10:01:53.878942Z
imap_idex_l0_raw_20260102_v001/33,504441200,2025-12-26T10:33:20.331408Z
imap_idex_l0_raw_20260102_v001/34,504441804,2025-12-26T10:43:24.652494Z
imap_idex_l0_raw_20260102_v001/35,504443940,2025-12-26T11:19:00.413827Z
imap_idex_l0_raw_20260102_v001/36,504445878,2025-12-26T11:51:18.149240Z
imap_idex_l0_raw_20260102_v001/37,504452886,2025-12-26T13:48:06.740271Z
imap_idex_l0_raw_20260102_v001/38,504454217,2025-12-26T14:10:17.109497Z
imap_idex_l0_raw_20260102_v001/39,504456761,2025-12-26T14:52:41.558460Z
imap_idex_l0_raw_20260102_v001/4,505008143,2026-01-02T00:02:23.575399Z
imap_idex_l0_raw_20260102_v001/40,504467778,2025-12-26T17:56:18.316073Z
imap_idex_l0_raw_20260102_v001/41,504475481,2025-12-26T20:04:41.328635Z
imap_idex_l0_raw_20260102_v001/42,504477133,2025-12-26T20:32:13.688804Z
imap_idex_l0_raw_20260102_v001/43,504485529,2025-12-26T22:52:09.348562Z
imap_idex_l0_raw_20260102_v001/44,504492664,2025-12-27T00:51:04.559068Z
imap_idex_l0_raw_20260102_v001/45,504493512,2025-12-27T01:05:12.630203Z
imap_idex_l0_raw_20260102_v001/46,504502127,2025-12-27T03:28:47.961773Z
imap_idex_l0_raw_20260102_v001/47,504520420,2025-12-27T08:33:40.278781Z
imap_idex_l0_raw_20260102_v001/48,504522689,2025-12-27T09:11:29.309168Z
imap_idex_l0_raw_20260102_v001/49,504555412,2025-12-27T18:16:52.663132Z
imap_idex_l0_raw_20260102_v001/5,505008151,2026-01-02T00:02:31.955260Z
imap_idex_l0_raw_20260102_v001/50,504557103,2025-12-27T18:45:03.875037Z
imap_idex_l0_raw_20260102_v001/51,504560010,2025-12-27T19:33:30.589030Z
imap_idex_l0_raw_20260102_v001/52,504569532,2025-12-27T22:12:12.492253Z
imap_idex_l0_raw_20260102_v001/53,504588928,2025-12-28T03:35:28.294138Z
imap_idex_l0_raw_20260102_v001/54,504600944,2025-12-28T06:55:44.716395Z
imap_idex_l0_raw_20260102_v001/55,504601720,2025-12-28T07:08:40.720983Z
imap_idex_l0_raw_20260102_v001/56,504613771,2025-12-28T10:29:31.374288Z
imap_idex_l0_raw_20260102_v001/57,504615262,2025-12-28T10:54:22.847194Z
imap_idex_l0_raw_20260102_v001/58,504616841,2025-12-28T11:20:41.309988Z
imap_idex_l0_raw_20260102_v001/59,504619830,2025-12-28T12:10:30.782821Z
imap_idex_l0_raw_20260102_v001/6,505008159,2026-01-02T00:02:39.718709Z
imap_idex_l0_raw_20260102_v001/60,504621570,2025-12-28T12:39:30.219365Z
imap_idex_l0_raw_20260102_v001/61,504632568,2025-12-28T15:42:48.985233Z
imap_idex_l0_raw_20260102_v001/62,504644311,2025-12-28T18:58:31.960855Z
imap_idex_l0_raw_20260102_v001/63,504645092,2025-12-28T19:11:32.646645Z
imap_idex_l0_raw_20260102_v001/64,504651645,2025-12-28T23:17:27.271430Z
imap_idex_l0_raw_20260102_v001/65,504659847,2025-12-25T08:46:58.157140Z
imap_idex_l0_raw_20260102_v001/66,504669298,2025-12-29T01:54:58.646230Z
imap_idex_l0_raw_20260102_v001/67,504682601,2025-12-29T05:36:41.387225Z
imap_idex_l0_raw_20260102_v001/68,504683447,2025-12-29T05:50:47.365151Z
imap_idex_l0_raw_20260102_v001/69,504685930,2025-12-29T06:32:10.149909Z
imap_idex_l0_raw_20260102_v001/7,505008173,2026-01-02T00:02:53.680601Z
imap_idex_l0_raw_20260102_v001/70,504697176,2025-12-29T09:39:36.400500Z
imap_idex_l0_raw_20260102_v001/71,504716284,2025-12-29T14:58:04.446152Z
imap_idex_l0_raw_20260102_v001/72,504722946,2025-12-29T16:49:06.625339Z
imap_idex_l0_raw_20260102_v001/73,504723413,2025-12-29T16:56:53.636895Z
imap_idex_l0_raw_20260102_v001/74,504729165,2025-12-29T18:32:45.474424Z
imap_idex_l0_raw_20260102_v001/75,504734082,2025-12-29T19:54:42.946901Z
imap_idex_l0_raw_20260102_v001/76,504734225,2025-12-29T19:57:05.429675Z
imap_idex_l0_raw_20260102_v001/77,504735035,2025-12-29T20:10:35.583219Z
imap_idex_l0_raw_20260102_v001/78,504735047,2025-12-29T20:10:47.569159Z
imap_idex_l0_raw_20260102_v001/79,504735716,2025-12-29T20:21:56.495664Z
imap_idex_l0_raw_20260102_v001/8,505008185,2026-01-02T00:03:05.605482Z
imap_idex_l0_raw_20260102_v001/80,504739964,2025-12-29T21:32:44.950231Z
imap_idex_l0_raw_20260102_v001/81,504742010,2025-12-29T22:06:50.947266Z
imap_idex_l0_raw_20260102_v001/82,504745817,2025-12-29T23:10:17.976358Z
imap_idex_l0_raw_20260102_v001/83,504753516,2025-12-30T01:18:36.605469Z
imap_idex_l0_raw_20260102_v001/84,504757355,2025-12-30T02:22:35.127134Z
imap_idex_l0_raw_20260102_v001/85,504764990,2025-12-30T04:29:50.811027Z
imap_idex_l0_raw_20260102_v001/86,504771708,2025-12-30T06:21:48.694419Z
imap_idex_l0_raw_20260102_v001/87,504774504,2025-12-30T07:08:24.652109Z
imap_idex_l0_raw_20260102_v001/88,504779054,2025-12-30T08:24:14.696267Z
imap_idex_l0_raw_20260102_v001/89,504783375,2025-12-30T09:36:15.898197Z
imap_idex_l0_raw_20260102_v001/9,505008197,2026-01-02T00:03:17.312712Z
imap_idex_l0_raw_20260102_v001/90,504798597,2025-12-30T13:49:57.606720Z
imap_idex_l0_raw_20260102_v001/91,504800394,2025-12-30T14:19:54.139407Z
imap_idex_l0_raw_20260102_v001/92,504816109,2025-12-30T18:41:49.108078Z
imap_idex_l0_raw_20260102_v001/93,504831787,2025-12-30T23:03:07.320748Z
imap_idex_l0_raw_20260102_v001/94,504833497,2025-12-30T23:31:37.401728Z
imap_idex_l0_raw_20260102_v001/95,504845483,2025-12-31T02:51:23.551745Z
imap_idex_l0_raw_20260102_v001/96,504863142,2025-12-31T07:45:42.427636Z
imap_idex_l0_raw_20260102_v001/97,504868696,2025-12-31T09:18:16.658562Z
imap_idex_l0_raw_20260102_v001/98,504868761,2025-12-31T09:19:21.639496Z
imap_idex_l0_raw_20260102_v001/99,504884326,2025-12-31T13:38:46.205769Z
