eventnum,SCI0Time32
imap_idex_l0_raw_20251130_v002.h5/1,502156921
imap_idex_l0_raw_20251130_v002.h5/10,502157009
imap_idex_l0_raw_20251130_v002.h5/11,501642849
imap_idex_l0_raw_20251130_v002.h5/12,501675164
imap_idex_l0_raw_20251130_v002.h5/13,501694012
imap_idex_l0_raw_20251130_v002.h5/14,501704909
imap_idex_l0_raw_20251130_v002.h5/15,501768781
imap_idex_l0_raw_20251130_v002.h5/16,501779548
imap_idex_l0_raw_20251130_v002.h5/17,501780695
imap_idex_l0_raw_20251130_v002.h5/18,501819036
imap_idex_l0_raw_20251130_v002.h5/19,501855186
imap_idex_l0_raw_20251130_v002.h5/2,502156927
imap_idex_l0_raw_20251130_v002.h5/20,501858320
imap_idex_l0_raw_20251130_v002.h5/21,501884691
imap_idex_l0_raw_20251130_v002.h5/22,501888808
imap_idex_l0_raw_20251130_v002.h5/23,501913178
imap_idex_l0_raw_20251130_v002.h5/24,501934767
imap_idex_l0_raw_20251130_v002.h5/25,501953022
imap_idex_l0_raw_20251130_v002.h5/26,501953408
imap_idex_l0_raw_20251130_v002.h5/27,501955843
imap_idex_l0_raw_20251130_v002.h5/28,501959821
imap_idex_l0_raw_20251130_v002.h5/29,501977219
imap_idex_l0_raw_20251130_v002.h5/3,502156935
imap_idex_l0_raw_20251130_v002.h5/30,501999395
imap_idex_l0_raw_20251130_v002.h5/31,502010513
imap_idex_l0_raw_20251130_v002.h5/32,502052725
imap_idex_l0_raw_20251130_v002.h5/33,502055890
imap_idex_l0_raw_20251130_v002.h5/34,502056814
imap_idex_l0_raw_20251130_v002.h5/35,502058998
imap_idex_l0_raw_20251130_v002.h5/36,502073604
imap_idex_l0_raw_20251130_v002.h5/37,502083201
imap_idex_l0_raw_20251130_v002.h5/38,502114129
imap_idex_l0_raw_20251130_v002.h5/39,502114159
imap_idex_l0_raw_20251130_v002.h5/4,502156943
imap_idex_l0_raw_20251130_v002.h5/40,502153036
imap_idex_l0_raw_20251130_v002.h5/5,502156951
imap_idex_l0_raw_20251130_v002.h5/6,502156959
imap_idex_l0_raw_20251130_v002.h5/7,502156973
imap_idex_l0_raw_20251130_v002.h5/8,502156985
imap_idex_l0_raw_20251130_v002.h5/9,502156997
imap_idex_l0_raw_20251209_v002.h5/1,502934521
imap_idex_l0_raw_20251209_v002.h5/10,502934609
imap_idex_l0_raw_20251209_v002.h5/100,502819061
imap_idex_l0_raw_20251209_v002.h5/101,502819685
imap_idex_l0_raw_20251209_v002.h5/102,502820245
imap_idex_l0_raw_20251209_v002.h5/103,502823815
imap_idex_l0_raw_20251209_v002.h5/104,502824102
imap_idex_l0_raw_20251209_v002.h5/105,502824120
imap_idex_l0_raw_20251209_v002.h5/106,502825517
imap_idex_l0_raw_20251209_v002.h5/107,502827784
imap_idex_l0_raw_20251209_v002.h5/108,502829375
imap_idex_l0_raw_20251209_v002.h5/109,502829694
imap_idex_l0_raw_20251209_v002.h5/11,502264436
imap_idex_l0_raw_20251209_v002.h5/110,502829778
imap_idex_l0_raw_20251209_v002.h5/111,502830395
imap_idex_l0_raw_20251209_v002.h5/112,502833514
imap_idex_l0_raw_20251209_v002.h5/113,502834185
imap_idex_l0_raw_20251209_v002.h5/114,502835493
imap_idex_l0_raw_20251209_v002.h5/115,502835566
imap_idex_l0_raw_20251209_v002.h5/116,502835719
imap_idex_l0_raw_20251209_v002.h5/117,502837209
imap_idex_l0_raw_20251209_v002.h5/118,502838022
imap_idex_l0_raw_20251209_v002.h5/119,502841406
imap_idex_l0_raw_20251209_v002.h5/12,502272870
imap_idex_l0_raw_20251209_v002.h5/120,502841948
imap_idex_l0_raw_20251209_v002.h5/121,502842614
imap_idex_l0_raw_20251209_v002.h5/122,502843450
imap_idex_l0_raw_20251209_v002.h5/123,502845237
imap_idex_l0_raw_20251209_v002.h5/124,502848437
imap_idex_l0_raw_20251209_v002.h5/125,502849262
imap_idex_l0_raw_20251209_v002.h5/126,502850592
imap_idex_l0_raw_20251209_v002.h5/127,502851226
imap_idex_l0_raw_20251209_v002.h5/128,502852417
imap_idex_l0_raw_20251209_v002.h5/129,502854840
imap_idex_l0_raw_20251209_v002.h5/13,502302354
imap_idex_l0_raw_20251209_v002.h5/130,502855162
imap_idex_l0_raw_20251209_v002.h5/131,502855343
imap_idex_l0_raw_20251209_v002.h5/132,502857912
imap_idex_l0_raw_20251209_v002.h5/133,502858248
imap_idex_l0_raw_20251209_v002.h5/134,502863445
imap_idex_l0_raw_20251209_v002.h5/135,502863773
imap_idex_l0_raw_20251209_v002.h5/136,502863785
imap_idex_l0_raw_20251209_v002.h5/137,502865495
imap_idex_l0_raw_20251209_v002.h5/138,502865621
imap_idex_l0_raw_20251209_v002.h5/139,502866305
imap_idex_l0_raw_20251209_v002.h5/14,502336024
imap_idex_l0_raw_20251209_v002.h5/140,502866424
imap_idex_l0_raw_20251209_v002.h5/141,502868980
imap_idex_l0_raw_20251209_v002.h5/142,502872611
imap_idex_l0_raw_20251209_v002.h5/143,502872734
imap_idex_l0_raw_20251209_v002.h5/144,502875377
imap_idex_l0_raw_20251209_v002.h5/145,502879648
imap_idex_l0_raw_20251209_v002.h5/146,502885570
imap_idex_l0_raw_20251209_v002.h5/147,502886345
imap_idex_l0_raw_20251209_v002.h5/148,502887018
imap_idex_l0_raw_20251209_v002.h5/149,502892495
imap_idex_l0_raw_20251209_v002.h5/15,502419941
imap_idex_l0_raw_20251209_v002.h5/150,502893099
imap_idex_l0_raw_20251209_v002.h5/151,502895002
imap_idex_l0_raw_20251209_v002.h5/152,502897208
imap_idex_l0_raw_20251209_v002.h5/16,502433239
imap_idex_l0_raw_20251209_v002.h5/17,502449388
imap_idex_l0_raw_20251209_v002.h5/18,502459207
imap_idex_l0_raw_20251209_v002.h5/19,502462239
imap_idex_l0_raw_20251209_v002.h5/2,502934527
imap_idex_l0_raw_20251209_v002.h5/20,502465200
imap_idex_l0_raw_20251209_v002.h5/21,502477665
imap_idex_l0_raw_20251209_v002.h5/22,502489573
imap_idex_l0_raw_20251209_v002.h5/23,502500436
imap_idex_l0_raw_20251209_v002.h5/24,502505441
imap_idex_l0_raw_20251209_v002.h5/25,502528457
imap_idex_l0_raw_20251209_v002.h5/26,502552258
imap_idex_l0_raw_20251209_v002.h5/27,502553916
imap_idex_l0_raw_20251209_v002.h5/28,502556645
imap_idex_l0_raw_20251209_v002.h5/29,502561503
imap_idex_l0_raw_20251209_v002.h5/3,502934535
imap_idex_l0_raw_20251209_v002.h5/30,502561852
imap_idex_l0_raw_20251209_v002.h5/31,502570528
imap_idex_l0_raw_20251209_v002.h5/32,502571647
imap_idex_l0_raw_20251209_v002.h5/33,502574188
imap_idex_l0_raw_20251209_v002.h5/34,502585726
imap_idex_l0_raw_20251209_v002.h5/35,502586799
imap_idex_l0_raw_20251209_v002.h5/36,502591890
imap_idex_l0_raw_20251209_v002.h5/37,502592227
imap_idex_l0_raw_20251209_v002.h5/38,502595942
imap_idex_l0_raw_20251209_v002.h5/39,502596124
imap_idex_l0_raw_20251209_v002.h5/4,502934543
imap_idex_l0_raw_20251209_v002.h5/40,502598020
imap_idex_l0_raw_20251209_v002.h5/41,502598406
imap_idex_l0_raw_20251209_v002.h5/42,502603208
imap_idex_l0_raw_20251209_v002.h5/43,502604672
imap_idex_l0_raw_20251209_v002.h5/44,502607828
imap_idex_l0_raw_20251209_v002.h5/45,502608471
imap_idex_l0_raw_20251209_v002.h5/46,502608966
imap_idex_l0_raw_20251209_v002.h5/47,502624196
imap_idex_l0_raw_20251209_v002.h5/48,502624611
imap_idex_l0_raw_20251209_v002.h5/49,502625976
imap_idex_l0_raw_20251209_v002.h5/5,502934551
imap_idex_l0_raw_20251209_v002.h5/50,502626117
imap_idex_l0_raw_20251209_v002.h5/51,502631269
imap_idex_l0_raw_20251209_v002.h5/52,502660139
imap_idex_l0_raw_20251209_v002.h5/53,502667083
imap_idex_l0_raw_20251209_v002.h5/54,502677281
imap_idex_l0_raw_20251209_v002.h5/55,502682624
imap_idex_l0_raw_20251209_v002.h5/56,502687437
imap_idex_l0_raw_20251209_v002.h5/57,502690849
imap_idex_l0_raw_20251209_v002.h5/58,502705916
imap_idex_l0_raw_20251209_v002.h5/59,502706938
imap_idex_l0_raw_20251209_v002.h5/6,502934559
imap_idex_l0_raw_20251209_v002.h5/60,502715273
imap_idex_l0_raw_20251209_v002.h5/61,502719069
imap_idex_l0_raw_20251209_v002.h5/62,502723672
imap_idex_l0_raw_20251209_v002.h5/63,502725721
imap_idex_l0_raw_20251209_v002.h5/64,502736255
imap_idex_l0_raw_20251209_v002.h5/65,502762339
imap_idex_l0_raw_20251209_v002.h5/66,502762668
imap_idex_l0_raw_20251209_v002.h5/67,502763204
imap_idex_l0_raw_20251209_v002.h5/68,502767315
imap_idex_l0_raw_20251209_v002.h5/69,502770928
imap_idex_l0_raw_20251209_v002.h5/7,502934573
imap_idex_l0_raw_20251209_v002.h5/70,502772277
imap_idex_l0_raw_20251209_v002.h5/71,502773632
imap_idex_l0_raw_20251209_v002.h5/72,502774051
imap_idex_l0_raw_20251209_v002.h5/73,502779365
imap_idex_l0_raw_20251209_v002.h5/74,502779742
imap_idex_l0_raw_20251209_v002.h5/75,502780215
imap_idex_l0_raw_20251209_v002.h5/76,502781186
imap_idex_l0_raw_20251209_v002.h5/77,502783844
imap_idex_l0_raw_20251209_v002.h5/78,502785394
imap_idex_l0_raw_20251209_v002.h5/79,502785833
imap_idex_l0_raw_20251209_v002.h5/8,502934585
imap_idex_l0_raw_20251209_v002.h5/80,502786792
imap_idex_l0_raw_20251209_v002.h5/81,502789226
imap_idex_l0_raw_20251209_v002.h5/82,502789809
imap_idex_l0_raw_20251209_v002.h5/83,502790404
imap_idex_l0_raw_20251209_v002.h5/84,502790772
imap_idex_l0_raw_20251209_v002.h5/85,502791426
imap_idex_l0_raw_20251209_v002.h5/86,502795722
imap_idex_l0_raw_20251209_v002.h5/87,502799951
imap_idex_l0_raw_20251209_v002.h5/88,502800848
imap_idex_l0_raw_20251209_v002.h5/89,502801459
imap_idex_l0_raw_20251209_v002.h5/9,502934597
imap_idex_l0_raw_20251209_v002.h5/90,502803451
imap_idex_l0_raw_20251209_v002.h5/91,502804337
imap_idex_l0_raw_20251209_v002.h5/92,502805930
imap_idex_l0_raw_20251209_v002.h5/93,502808076
imap_idex_l0_raw_20251209_v002.h5/94,502811718
imap_idex_l0_raw_20251209_v002.h5/95,502812489
imap_idex_l0_raw_20251209_v002.h5/96,502815011
imap_idex_l0_raw_20251209_v002.h5/97,502815688
imap_idex_l0_raw_20251209_v002.h5/98,502815883
imap_idex_l0_raw_20251209_v002.h5/99,502817948
imap_idex_l0_raw_20251217_v001.h5/1,503625721
imap_idex_l0_raw_20251217_v001.h5/10,503625809
imap_idex_l0_raw_20251217_v001.h5/100,503124251
imap_idex_l0_raw_20251217_v001.h5/101,503128439
imap_idex_l0_raw_20251217_v001.h5/102,503128823
imap_idex_l0_raw_20251217_v001.h5/103,503130305
imap_idex_l0_raw_20251217_v001.h5/104,503133167
imap_idex_l0_raw_20251217_v001.h5/105,503135665
imap_idex_l0_raw_20251217_v001.h5/106,503139165
imap_idex_l0_raw_20251217_v001.h5/107,503139763
imap_idex_l0_raw_20251217_v001.h5/108,503145233
imap_idex_l0_raw_20251217_v001.h5/109,503148640
imap_idex_l0_raw_20251217_v001.h5/11,502974164
imap_idex_l0_raw_20251217_v001.h5/110,503152675
imap_idex_l0_raw_20251217_v001.h5/111,503153169
imap_idex_l0_raw_20251217_v001.h5/112,503154283
imap_idex_l0_raw_20251217_v001.h5/113,503154804
imap_idex_l0_raw_20251217_v001.h5/114,503156655
imap_idex_l0_raw_20251217_v001.h5/115,503156774
imap_idex_l0_raw_20251217_v001.h5/116,503157469
imap_idex_l0_raw_20251217_v001.h5/117,503167223
imap_idex_l0_raw_20251217_v001.h5/118,503173647
imap_idex_l0_raw_20251217_v001.h5/119,503174462
imap_idex_l0_raw_20251217_v001.h5/12,502976072
imap_idex_l0_raw_20251217_v001.h5/120,503178047
imap_idex_l0_raw_20251217_v001.h5/121,503179610
imap_idex_l0_raw_20251217_v001.h5/122,503181397
imap_idex_l0_raw_20251217_v001.h5/123,503182915
imap_idex_l0_raw_20251217_v001.h5/124,503183231
imap_idex_l0_raw_20251217_v001.h5/125,503184254
imap_idex_l0_raw_20251217_v001.h5/126,503191758
imap_idex_l0_raw_20251217_v001.h5/127,503195267
imap_idex_l0_raw_20251217_v001.h5/128,503197767
imap_idex_l0_raw_20251217_v001.h5/129,503198955
imap_idex_l0_raw_20251217_v001.h5/13,502977366
imap_idex_l0_raw_20251217_v001.h5/130,503202192
imap_idex_l0_raw_20251217_v001.h5/131,503202772
imap_idex_l0_raw_20251217_v001.h5/132,503204804
imap_idex_l0_raw_20251217_v001.h5/133,503204941
imap_idex_l0_raw_20251217_v001.h5/134,503206945
imap_idex_l0_raw_20251217_v001.h5/135,503224838
imap_idex_l0_raw_20251217_v001.h5/136,503225992
imap_idex_l0_raw_20251217_v001.h5/137,503226891
imap_idex_l0_raw_20251217_v001.h5/138,503229448
imap_idex_l0_raw_20251217_v001.h5/139,503233373
imap_idex_l0_raw_20251217_v001.h5/14,502980599
imap_idex_l0_raw_20251217_v001.h5/140,503240513
imap_idex_l0_raw_20251217_v001.h5/141,503243197
imap_idex_l0_raw_20251217_v001.h5/142,503246689
imap_idex_l0_raw_20251217_v001.h5/143,503247440
imap_idex_l0_raw_20251217_v001.h5/144,503247897
imap_idex_l0_raw_20251217_v001.h5/145,503250370
imap_idex_l0_raw_20251217_v001.h5/146,503253524
imap_idex_l0_raw_20251217_v001.h5/147,503256393
imap_idex_l0_raw_20251217_v001.h5/148,503261779
imap_idex_l0_raw_20251217_v001.h5/149,503263149
imap_idex_l0_raw_20251217_v001.h5/15,502982389
imap_idex_l0_raw_20251217_v001.h5/150,503267657
imap_idex_l0_raw_20251217_v001.h5/151,503277434
imap_idex_l0_raw_20251217_v001.h5/152,503281598
imap_idex_l0_raw_20251217_v001.h5/153,503292441
imap_idex_l0_raw_20251217_v001.h5/154,503293514
imap_idex_l0_raw_20251217_v001.h5/155,503315448
imap_idex_l0_raw_20251217_v001.h5/156,503316283
imap_idex_l0_raw_20251217_v001.h5/157,503316352
imap_idex_l0_raw_20251217_v001.h5/158,503322662
imap_idex_l0_raw_20251217_v001.h5/159,503323039
imap_idex_l0_raw_20251217_v001.h5/16,502983487
imap_idex_l0_raw_20251217_v001.h5/160,503324612
imap_idex_l0_raw_20251217_v001.h5/161,503329813
imap_idex_l0_raw_20251217_v001.h5/162,503333972
imap_idex_l0_raw_20251217_v001.h5/163,503335720
imap_idex_l0_raw_20251217_v001.h5/164,503342475
imap_idex_l0_raw_20251217_v001.h5/165,503343460
imap_idex_l0_raw_20251217_v001.h5/166,503344388
imap_idex_l0_raw_20251217_v001.h5/167,503354490
imap_idex_l0_raw_20251217_v001.h5/168,503356163
imap_idex_l0_raw_20251217_v001.h5/169,503361081
imap_idex_l0_raw_20251217_v001.h5/17,502990130
imap_idex_l0_raw_20251217_v001.h5/170,503363013
imap_idex_l0_raw_20251217_v001.h5/171,503368627
imap_idex_l0_raw_20251217_v001.h5/172,503369425
imap_idex_l0_raw_20251217_v001.h5/173,503369554
imap_idex_l0_raw_20251217_v001.h5/174,503399234
imap_idex_l0_raw_20251217_v001.h5/175,503400106
imap_idex_l0_raw_20251217_v001.h5/176,503402028
imap_idex_l0_raw_20251217_v001.h5/177,503407644
imap_idex_l0_raw_20251217_v001.h5/178,503417414
imap_idex_l0_raw_20251217_v001.h5/179,503419374
imap_idex_l0_raw_20251217_v001.h5/18,502991371
imap_idex_l0_raw_20251217_v001.h5/180,503422677
imap_idex_l0_raw_20251217_v001.h5/181,503422860
imap_idex_l0_raw_20251217_v001.h5/182,503436610
imap_idex_l0_raw_20251217_v001.h5/183,503444735
imap_idex_l0_raw_20251217_v001.h5/184,503465011
imap_idex_l0_raw_20251217_v001.h5/185,503465314
imap_idex_l0_raw_20251217_v001.h5/186,503477218
imap_idex_l0_raw_20251217_v001.h5/187,503482092
imap_idex_l0_raw_20251217_v001.h5/188,503482229
imap_idex_l0_raw_20251217_v001.h5/189,503495117
imap_idex_l0_raw_20251217_v001.h5/19,502991683
imap_idex_l0_raw_20251217_v001.h5/190,503495807
imap_idex_l0_raw_20251217_v001.h5/191,503499644
imap_idex_l0_raw_20251217_v001.h5/192,503500988
imap_idex_l0_raw_20251217_v001.h5/193,503520502
imap_idex_l0_raw_20251217_v001.h5/194,503523061
imap_idex_l0_raw_20251217_v001.h5/195,503524618
imap_idex_l0_raw_20251217_v001.h5/196,503533079
imap_idex_l0_raw_20251217_v001.h5/197,503536551
imap_idex_l0_raw_20251217_v001.h5/198,503543078
imap_idex_l0_raw_20251217_v001.h5/199,503543220
imap_idex_l0_raw_20251217_v001.h5/2,503625727
imap_idex_l0_raw_20251217_v001.h5/20,502991800
imap_idex_l0_raw_20251217_v001.h5/200,503558625
imap_idex_l0_raw_20251217_v001.h5/201,503564611
imap_idex_l0_raw_20251217_v001.h5/202,503569842
imap_idex_l0_raw_20251217_v001.h5/203,503573578
imap_idex_l0_raw_20251217_v001.h5/204,503576317
imap_idex_l0_raw_20251217_v001.h5/205,503583314
imap_idex_l0_raw_20251217_v001.h5/206,503588386
imap_idex_l0_raw_20251217_v001.h5/207,503591981
imap_idex_l0_raw_20251217_v001.h5/208,503595251
imap_idex_l0_raw_20251217_v001.h5/209,503595605
imap_idex_l0_raw_20251217_v001.h5/21,502992063
imap_idex_l0_raw_20251217_v001.h5/210,503595812
imap_idex_l0_raw_20251217_v001.h5/211,503614316
imap_idex_l0_raw_20251217_v001.h5/212,503619619
imap_idex_l0_raw_20251217_v001.h5/22,502994095
imap_idex_l0_raw_20251217_v001.h5/23,502994878
imap_idex_l0_raw_20251217_v001.h5/24,502996228
imap_idex_l0_raw_20251217_v001.h5/25,502996826
imap_idex_l0_raw_20251217_v001.h5/26,502997903
imap_idex_l0_raw_20251217_v001.h5/27,503003965
imap_idex_l0_raw_20251217_v001.h5/28,503005403
imap_idex_l0_raw_20251217_v001.h5/29,503007141
imap_idex_l0_raw_20251217_v001.h5/3,503625735
imap_idex_l0_raw_20251217_v001.h5/30,503007396
imap_idex_l0_raw_20251217_v001.h5/31,503008194
imap_idex_l0_raw_20251217_v001.h5/32,503008799
imap_idex_l0_raw_20251217_v001.h5/33,503009801
imap_idex_l0_raw_20251217_v001.h5/34,503011543
imap_idex_l0_raw_20251217_v001.h5/35,503012203
imap_idex_l0_raw_20251217_v001.h5/36,503013782
imap_idex_l0_raw_20251217_v001.h5/37,503015971
imap_idex_l0_raw_20251217_v001.h5/38,503017049
imap_idex_l0_raw_20251217_v001.h5/39,503017063
imap_idex_l0_raw_20251217_v001.h5/4,503625743
imap_idex_l0_raw_20251217_v001.h5/40,503017727
imap_idex_l0_raw_20251217_v001.h5/41,503017949
imap_idex_l0_raw_20251217_v001.h5/42,503019579
imap_idex_l0_raw_20251217_v001.h5/43,503020584
imap_idex_l0_raw_20251217_v001.h5/44,503020740
imap_idex_l0_raw_20251217_v001.h5/45,503024956
imap_idex_l0_raw_20251217_v001.h5/46,503025349
imap_idex_l0_raw_20251217_v001.h5/47,503025666
imap_idex_l0_raw_20251217_v001.h5/48,503026407
imap_idex_l0_raw_20251217_v001.h5/49,503026859
imap_idex_l0_raw_20251217_v001.h5/5,503625751
imap_idex_l0_raw_20251217_v001.h5/50,503027888
imap_idex_l0_raw_20251217_v001.h5/51,503031559
imap_idex_l0_raw_20251217_v001.h5/52,503033881
imap_idex_l0_raw_20251217_v001.h5/53,503035395
imap_idex_l0_raw_20251217_v001.h5/54,503038176
imap_idex_l0_raw_20251217_v001.h5/55,503043450
imap_idex_l0_raw_20251217_v001.h5/56,503044882
imap_idex_l0_raw_20251217_v001.h5/57,503045139
imap_idex_l0_raw_20251217_v001.h5/58,503045462
imap_idex_l0_raw_20251217_v001.h5/59,503047291
imap_idex_l0_raw_20251217_v001.h5/6,503625759
imap_idex_l0_raw_20251217_v001.h5/60,503048554
imap_idex_l0_raw_20251217_v001.h5/61,503051177
imap_idex_l0_raw_20251217_v001.h5/62,503051361
imap_idex_l0_raw_20251217_v001.h5/63,503051649
imap_idex_l0_raw_20251217_v001.h5/64,503052026
imap_idex_l0_raw_20251217_v001.h5/65,503054756
imap_idex_l0_raw_20251217_v001.h5/66,503054790
imap_idex_l0_raw_20251217_v001.h5/67,503055104
imap_idex_l0_raw_20251217_v001.h5/68,503055954
imap_idex_l0_raw_20251217_v001.h5/69,503058386
imap_idex_l0_raw_20251217_v001.h5/7,503625773
imap_idex_l0_raw_20251217_v001.h5/70,503060832
imap_idex_l0_raw_20251217_v001.h5/71,503062488
imap_idex_l0_raw_20251217_v001.h5/72,503065210
imap_idex_l0_raw_20251217_v001.h5/73,503071049
imap_idex_l0_raw_20251217_v001.h5/74,503072883
imap_idex_l0_raw_20251217_v001.h5/75,503076463
imap_idex_l0_raw_20251217_v001.h5/76,503079673
imap_idex_l0_raw_20251217_v001.h5/77,503083144
imap_idex_l0_raw_20251217_v001.h5/78,503083910
imap_idex_l0_raw_20251217_v001.h5/79,503084354
imap_idex_l0_raw_20251217_v001.h5/8,503625785
imap_idex_l0_raw_20251217_v001.h5/80,503086784
imap_idex_l0_raw_20251217_v001.h5/81,503088179
imap_idex_l0_raw_20251217_v001.h5/82,503091799
imap_idex_l0_raw_20251217_v001.h5/83,503093253
imap_idex_l0_raw_20251217_v001.h5/84,503094947
imap_idex_l0_raw_20251217_v001.h5/85,503098093
imap_idex_l0_raw_20251217_v001.h5/86,503099149
imap_idex_l0_raw_20251217_v001.h5/87,503101009
imap_idex_l0_raw_20251217_v001.h5/88,503101824
imap_idex_l0_raw_20251217_v001.h5/89,503102681
imap_idex_l0_raw_20251217_v001.h5/9,503625797
imap_idex_l0_raw_20251217_v001.h5/90,503102759
imap_idex_l0_raw_20251217_v001.h5/91,503105157
imap_idex_l0_raw_20251217_v001.h5/92,503105186
imap_idex_l0_raw_20251217_v001.h5/93,503106145
imap_idex_l0_raw_20251217_v001.h5/94,503109913
imap_idex_l0_raw_20251217_v001.h5/95,503110063
imap_idex_l0_raw_20251217_v001.h5/96,503110661
imap_idex_l0_raw_20251217_v001.h5/97,503121069
imap_idex_l0_raw_20251217_v001.h5/98,503123617
imap_idex_l0_raw_20251217_v001.h5/99,503124210
imap_idex_l0_raw_20251218_v003.h5/1,502762339
imap_idex_l0_raw_20251218_v003.h5/10,502779742
imap_idex_l0_raw_20251218_v003.h5/100,502919056
imap_idex_l0_raw_20251218_v003.h5/101,502921132
imap_idex_l0_raw_20251218_v003.h5/102,502923337
imap_idex_l0_raw_20251218_v003.h5/103,502924012
imap_idex_l0_raw_20251218_v003.h5/104,502925559
imap_idex_l0_raw_20251218_v003.h5/105,502926728
imap_idex_l0_raw_20251218_v003.h5/106,502926791
imap_idex_l0_raw_20251218_v003.h5/107,502927683
imap_idex_l0_raw_20251218_v003.h5/108,502928574
imap_idex_l0_raw_20251218_v003.h5/109,502929346
imap_idex_l0_raw_20251218_v003.h5/11,502780215
imap_idex_l0_raw_20251218_v003.h5/110,502929378
imap_idex_l0_raw_20251218_v003.h5/111,502930581
imap_idex_l0_raw_20251218_v003.h5/112,502931810
imap_idex_l0_raw_20251218_v003.h5/113,502931984
imap_idex_l0_raw_20251218_v003.h5/114,502933015
imap_idex_l0_raw_20251218_v003.h5/115,502933688
imap_idex_l0_raw_20251218_v003.h5/12,502781186
imap_idex_l0_raw_20251218_v003.h5/13,502783844
imap_idex_l0_raw_20251218_v003.h5/14,502785394
imap_idex_l0_raw_20251218_v003.h5/15,502785833
imap_idex_l0_raw_20251218_v003.h5/16,502786792
imap_idex_l0_raw_20251218_v003.h5/17,502789226
imap_idex_l0_raw_20251218_v003.h5/18,502789809
imap_idex_l0_raw_20251218_v003.h5/19,502790404
imap_idex_l0_raw_20251218_v003.h5/2,502762668
imap_idex_l0_raw_20251218_v003.h5/20,502790772
imap_idex_l0_raw_20251218_v003.h5/21,502791426
imap_idex_l0_raw_20251218_v003.h5/22,502795722
imap_idex_l0_raw_20251218_v003.h5/23,502799951
imap_idex_l0_raw_20251218_v003.h5/24,502800848
imap_idex_l0_raw_20251218_v003.h5/25,502801459
imap_idex_l0_raw_20251218_v003.h5/26,502803451
imap_idex_l0_raw_20251218_v003.h5/27,502804337
imap_idex_l0_raw_20251218_v003.h5/28,502805930
imap_idex_l0_raw_20251218_v003.h5/29,502808076
imap_idex_l0_raw_20251218_v003.h5/3,502763204
imap_idex_l0_raw_20251218_v003.h5/30,502811718
imap_idex_l0_raw_20251218_v003.h5/31,502812489
imap_idex_l0_raw_20251218_v003.h5/32,502815011
imap_idex_l0_raw_20251218_v003.h5/33,502815688
imap_idex_l0_raw_20251218_v003.h5/34,502815883
imap_idex_l0_raw_20251218_v003.h5/35,502817948
imap_idex_l0_raw_20251218_v003.h5/36,502819061
imap_idex_l0_raw_20251218_v003.h5/37,502819685
imap_idex_l0_raw_20251218_v003.h5/38,502820245
imap_idex_l0_raw_20251218_v003.h5/39,502823815
imap_idex_l0_raw_20251218_v003.h5/4,502767315
imap_idex_l0_raw_20251218_v003.h5/40,502824102
imap_idex_l0_raw_20251218_v003.h5/41,502824120
imap_idex_l0_raw_20251218_v003.h5/42,502825517
imap_idex_l0_raw_20251218_v003.h5/43,502827784
imap_idex_l0_raw_20251218_v003.h5/44,502829375
imap_idex_l0_raw_20251218_v003.h5/45,502829694
imap_idex_l0_raw_20251218_v003.h5/46,502829778
imap_idex_l0_raw_20251218_v003.h5/47,502830395
imap_idex_l0_raw_20251218_v003.h5/48,502833514
imap_idex_l0_raw_20251218_v003.h5/49,502834185
imap_idex_l0_raw_20251218_v003.h5/5,502770928
imap_idex_l0_raw_20251218_v003.h5/50,502835493
imap_idex_l0_raw_20251218_v003.h5/51,502835566
imap_idex_l0_raw_20251218_v003.h5/52,502835719
imap_idex_l0_raw_20251218_v003.h5/53,502837209
imap_idex_l0_raw_20251218_v003.h5/54,502838022
imap_idex_l0_raw_20251218_v003.h5/55,502841406
imap_idex_l0_raw_20251218_v003.h5/56,502841948
imap_idex_l0_raw_20251218_v003.h5/57,502842614
imap_idex_l0_raw_20251218_v003.h5/58,502843450
imap_idex_l0_raw_20251218_v003.h5/59,502845237
imap_idex_l0_raw_20251218_v003.h5/6,502772277
imap_idex_l0_raw_20251218_v003.h5/60,502848437
imap_idex_l0_raw_20251218_v003.h5/61,502849262
imap_idex_l0_raw_20251218_v003.h5/62,502850592
imap_idex_l0_raw_20251218_v003.h5/63,502851226
imap_idex_l0_raw_20251218_v003.h5/64,502852417
imap_idex_l0_raw_20251218_v003.h5/65,502854840
imap_idex_l0_raw_20251218_v003.h5/66,502855162
imap_idex_l0_raw_20251218_v003.h5/67,502855343
imap_idex_l0_raw_20251218_v003.h5/68,502857912
imap_idex_l0_raw_20251218_v003.h5/69,502858248
imap_idex_l0_raw_20251218_v003.h5/7,502773632
imap_idex_l0_raw_20251218_v003.h5/70,502863445
imap_idex_l0_raw_20251218_v003.h5/71,502863773
imap_idex_l0_raw_20251218_v003.h5/72,502863785
imap_idex_l0_raw_20251218_v003.h5/73,502865495
imap_idex_l0_raw_20251218_v003.h5/74,502865621
imap_idex_l0_raw_20251218_v003.h5/75,502866305
imap_idex_l0_raw_20251218_v003.h5/76,502866424
imap_idex_l0_raw_20251218_v003.h5/77,502868980
imap_idex_l0_raw_20251218_v003.h5/78,502872611
imap_idex_l0_raw_20251218_v003.h5/79,502872734
imap_idex_l0_raw_20251218_v003.h5/8,502774051
imap_idex_l0_raw_20251218_v003.h5/80,502875377
imap_idex_l0_raw_20251218_v003.h5/81,502879648
imap_idex_l0_raw_20251218_v003.h5/82,502885570
imap_idex_l0_raw_20251218_v003.h5/83,502886345
imap_idex_l0_raw_20251218_v003.h5/84,502887018
imap_idex_l0_raw_20251218_v003.h5/85,502892495
imap_idex_l0_raw_20251218_v003.h5/86,502893099
imap_idex_l0_raw_20251218_v003.h5/87,502895002
imap_idex_l0_raw_20251218_v003.h5/88,502897208
imap_idex_l0_raw_20251218_v003.h5/89,502897943
imap_idex_l0_raw_20251218_v003.h5/9,502779365
imap_idex_l0_raw_20251218_v003.h5/90,502898455
imap_idex_l0_raw_20251218_v003.h5/91,502901672
imap_idex_l0_raw_20251218_v003.h5/92,502901922
imap_idex_l0_raw_20251218_v003.h5/93,502904594
imap_idex_l0_raw_20251218_v003.h5/94,502905411
imap_idex_l0_raw_20251218_v003.h5/95,502908889
imap_idex_l0_raw_20251218_v003.h5/96,502910148
imap_idex_l0_raw_20251218_v003.h5/97,502911155
imap_idex_l0_raw_20251218_v003.h5/98,502912425
imap_idex_l0_raw_20251218_v003.h5/99,502918909
imap_idex_l0_raw_20251225_v001.h5/1,504316921
imap_idex_l0_raw_20251225_v001.h5/10,504317009
imap_idex_l0_raw_20251225_v001.h5/100,504168447
imap_idex_l0_raw_20251225_v001.h5/101,504170831
imap_idex_l0_raw_20251225_v001.h5/102,504180541
imap_idex_l0_raw_20251225_v001.h5/103,504180983
imap_idex_l0_raw_20251225_v001.h5/104,504190156
imap_idex_l0_raw_20251225_v001.h5/105,504190408
imap_idex_l0_raw_20251225_v001.h5/106,504190727
imap_idex_l0_raw_20251225_v001.h5/107,504197338
imap_idex_l0_raw_20251225_v001.h5/108,504209353
imap_idex_l0_raw_20251225_v001.h5/109,504210425
imap_idex_l0_raw_20251225_v001.h5/11,503631886
imap_idex_l0_raw_20251225_v001.h5/110,504211391
imap_idex_l0_raw_20251225_v001.h5/111,504214956
imap_idex_l0_raw_20251225_v001.h5/112,504219220
imap_idex_l0_raw_20251225_v001.h5/113,504220632
imap_idex_l0_raw_20251225_v001.h5/114,504223975
imap_idex_l0_raw_20251225_v001.h5/115,504224659
imap_idex_l0_raw_20251225_v001.h5/116,504232460
imap_idex_l0_raw_20251225_v001.h5/117,504234296
imap_idex_l0_raw_20251225_v001.h5/118,504238640
imap_idex_l0_raw_20251225_v001.h5/119,504241831
imap_idex_l0_raw_20251225_v001.h5/12,503632699
imap_idex_l0_raw_20251225_v001.h5/120,504242276
imap_idex_l0_raw_20251225_v001.h5/121,504242343
imap_idex_l0_raw_20251225_v001.h5/122,504246387
imap_idex_l0_raw_20251225_v001.h5/123,504251674
imap_idex_l0_raw_20251225_v001.h5/124,504252257
imap_idex_l0_raw_20251225_v001.h5/125,504255240
imap_idex_l0_raw_20251225_v001.h5/126,504261929
imap_idex_l0_raw_20251225_v001.h5/127,504263712
imap_idex_l0_raw_20251225_v001.h5/128,504266826
imap_idex_l0_raw_20251225_v001.h5/129,504280117
imap_idex_l0_raw_20251225_v001.h5/13,503633427
imap_idex_l0_raw_20251225_v001.h5/130,504287761
imap_idex_l0_raw_20251225_v001.h5/131,504293597
imap_idex_l0_raw_20251225_v001.h5/132,504297996
imap_idex_l0_raw_20251225_v001.h5/133,504301657
imap_idex_l0_raw_20251225_v001.h5/134,504302225
imap_idex_l0_raw_20251225_v001.h5/135,504311004
imap_idex_l0_raw_20251225_v001.h5/14,503633820
imap_idex_l0_raw_20251225_v001.h5/15,503650740
imap_idex_l0_raw_20251225_v001.h5/16,503651183
imap_idex_l0_raw_20251225_v001.h5/17,503656051
imap_idex_l0_raw_20251225_v001.h5/18,503660047
imap_idex_l0_raw_20251225_v001.h5/19,503678682
imap_idex_l0_raw_20251225_v001.h5/2,504316927
imap_idex_l0_raw_20251225_v001.h5/20,503691915
imap_idex_l0_raw_20251225_v001.h5/21,503694055
imap_idex_l0_raw_20251225_v001.h5/22,503698792
imap_idex_l0_raw_20251225_v001.h5/23,503712402
imap_idex_l0_raw_20251225_v001.h5/24,503723742
imap_idex_l0_raw_20251225_v001.h5/25,503729715
imap_idex_l0_raw_20251225_v001.h5/26,503732278
imap_idex_l0_raw_20251225_v001.h5/27,503736438
imap_idex_l0_raw_20251225_v001.h5/28,503737143
imap_idex_l0_raw_20251225_v001.h5/29,503744328
imap_idex_l0_raw_20251225_v001.h5/3,504316935
imap_idex_l0_raw_20251225_v001.h5/30,503744351
imap_idex_l0_raw_20251225_v001.h5/31,503749917
imap_idex_l0_raw_20251225_v001.h5/32,503755429
imap_idex_l0_raw_20251225_v001.h5/33,503799426
imap_idex_l0_raw_20251225_v001.h5/34,503802437
imap_idex_l0_raw_20251225_v001.h5/35,503817846
imap_idex_l0_raw_20251225_v001.h5/36,503821144
imap_idex_l0_raw_20251225_v001.h5/37,503824996
imap_idex_l0_raw_20251225_v001.h5/38,503828439
imap_idex_l0_raw_20251225_v001.h5/39,503833610
imap_idex_l0_raw_20251225_v001.h5/4,504316943
imap_idex_l0_raw_20251225_v001.h5/40,503835672
imap_idex_l0_raw_20251225_v001.h5/41,503837735
imap_idex_l0_raw_20251225_v001.h5/42,503857409
imap_idex_l0_raw_20251225_v001.h5/43,503878089
imap_idex_l0_raw_20251225_v001.h5/44,503896577
imap_idex_l0_raw_20251225_v001.h5/45,503897864
imap_idex_l0_raw_20251225_v001.h5/46,503903852
imap_idex_l0_raw_20251225_v001.h5/47,503905606
imap_idex_l0_raw_20251225_v001.h5/48,503905641
imap_idex_l0_raw_20251225_v001.h5/49,503907646
imap_idex_l0_raw_20251225_v001.h5/5,504316951
imap_idex_l0_raw_20251225_v001.h5/50,503908705
imap_idex_l0_raw_20251225_v001.h5/51,503916308
imap_idex_l0_raw_20251225_v001.h5/52,503923009
imap_idex_l0_raw_20251225_v001.h5/53,503924018
imap_idex_l0_raw_20251225_v001.h5/54,503924145
imap_idex_l0_raw_20251225_v001.h5/55,503927316
imap_idex_l0_raw_20251225_v001.h5/56,503951808
imap_idex_l0_raw_20251225_v001.h5/57,503957184
imap_idex_l0_raw_20251225_v001.h5/58,503963199
imap_idex_l0_raw_20251225_v001.h5/59,503966947
imap_idex_l0_raw_20251225_v001.h5/6,504316959
imap_idex_l0_raw_20251225_v001.h5/60,503967590
imap_idex_l0_raw_20251225_v001.h5/61,503978393
imap_idex_l0_raw_20251225_v001.h5/62,503990245
imap_idex_l0_raw_20251225_v001.h5/63,503992391
imap_idex_l0_raw_20251225_v001.h5/64,503998955
imap_idex_l0_raw_20251225_v001.h5/65,504003243
imap_idex_l0_raw_20251225_v001.h5/66,504012000
imap_idex_l0_raw_20251225_v001.h5/67,504012671
imap_idex_l0_raw_20251225_v001.h5/68,504013134
imap_idex_l0_raw_20251225_v001.h5/69,504016547
imap_idex_l0_raw_20251225_v001.h5/7,504316973
imap_idex_l0_raw_20251225_v001.h5/70,504024620
imap_idex_l0_raw_20251225_v001.h5/71,504028071
imap_idex_l0_raw_20251225_v001.h5/72,504031819
imap_idex_l0_raw_20251225_v001.h5/73,504035627
imap_idex_l0_raw_20251225_v001.h5/74,504038508
imap_idex_l0_raw_20251225_v001.h5/75,504049444
imap_idex_l0_raw_20251225_v001.h5/76,504051750
imap_idex_l0_raw_20251225_v001.h5/77,504053163
imap_idex_l0_raw_20251225_v001.h5/78,504055041
imap_idex_l0_raw_20251225_v001.h5/79,504056913
imap_idex_l0_raw_20251225_v001.h5/8,504316985
imap_idex_l0_raw_20251225_v001.h5/80,504058968
imap_idex_l0_raw_20251225_v001.h5/81,504061323
imap_idex_l0_raw_20251225_v001.h5/82,504062898
imap_idex_l0_raw_20251225_v001.h5/83,504065139
imap_idex_l0_raw_20251225_v001.h5/84,504073914
imap_idex_l0_raw_20251225_v001.h5/85,504075595
imap_idex_l0_raw_20251225_v001.h5/86,504078024
imap_idex_l0_raw_20251225_v001.h5/87,504085548
imap_idex_l0_raw_20251225_v001.h5/88,504092406
imap_idex_l0_raw_20251225_v001.h5/89,504096597
imap_idex_l0_raw_20251225_v001.h5/9,504316997
imap_idex_l0_raw_20251225_v001.h5/90,504101532
imap_idex_l0_raw_20251225_v001.h5/91,504110805
imap_idex_l0_raw_20251225_v001.h5/92,504119863
imap_idex_l0_raw_20251225_v001.h5/93,504120063
imap_idex_l0_raw_20251225_v001.h5/94,504122715
imap_idex_l0_raw_20251225_v001.h5/95,504123036
imap_idex_l0_raw_20251225_v001.h5/96,504123108
imap_idex_l0_raw_20251225_v001.h5/97,504135144
imap_idex_l0_raw_20251225_v001.h5/98,504140865
imap_idex_l0_raw_20251225_v001.h5/99,504165643
imap_idex_l0_raw_20260102_v001.h5/1,505008121
imap_idex_l0_raw_20260102_v001.h5/10,505008209
imap_idex_l0_raw_20260102_v001.h5/100,504886292
imap_idex_l0_raw_20260102_v001.h5/101,504887791
imap_idex_l0_raw_20260102_v001.h5/102,504889690
imap_idex_l0_raw_20260102_v001.h5/103,504894332
imap_idex_l0_raw_20260102_v001.h5/104,504897825
imap_idex_l0_raw_20260102_v001.h5/105,504907120
imap_idex_l0_raw_20260102_v001.h5/106,504910067
imap_idex_l0_raw_20260102_v001.h5/107,504924242
imap_idex_l0_raw_20260102_v001.h5/108,504927277
imap_idex_l0_raw_20260102_v001.h5/109,504936849
imap_idex_l0_raw_20260102_v001.h5/11,504327242
imap_idex_l0_raw_20260102_v001.h5/110,504942092
imap_idex_l0_raw_20260102_v001.h5/111,504964072
imap_idex_l0_raw_20260102_v001.h5/112,504990955
imap_idex_l0_raw_20260102_v001.h5/12,504329950
imap_idex_l0_raw_20260102_v001.h5/13,504331899
imap_idex_l0_raw_20260102_v001.h5/14,504332671
imap_idex_l0_raw_20260102_v001.h5/15,504332756
imap_idex_l0_raw_20260102_v001.h5/16,504333296
imap_idex_l0_raw_20260102_v001.h5/17,504333507
imap_idex_l0_raw_20260102_v001.h5/18,504334237
imap_idex_l0_raw_20260102_v001.h5/19,504348418
imap_idex_l0_raw_20260102_v001.h5/2,505008127
imap_idex_l0_raw_20260102_v001.h5/20,504354520
imap_idex_l0_raw_20260102_v001.h5/21,504357035
imap_idex_l0_raw_20260102_v001.h5/22,504367516
imap_idex_l0_raw_20260102_v001.h5/23,504370094
imap_idex_l0_raw_20260102_v001.h5/24,504372270
imap_idex_l0_raw_20260102_v001.h5/25,504391437
imap_idex_l0_raw_20260102_v001.h5/26,504398798
imap_idex_l0_raw_20260102_v001.h5/27,504405870
imap_idex_l0_raw_20260102_v001.h5/28,504407760
imap_idex_l0_raw_20260102_v001.h5/29,504413126
imap_idex_l0_raw_20260102_v001.h5/3,505008135
imap_idex_l0_raw_20260102_v001.h5/30,504421882
imap_idex_l0_raw_20260102_v001.h5/31,504432219
imap_idex_l0_raw_20260102_v001.h5/32,504439313
imap_idex_l0_raw_20260102_v001.h5/33,504441200
imap_idex_l0_raw_20260102_v001.h5/34,504441804
imap_idex_l0_raw_20260102_v001.h5/35,504443940
imap_idex_l0_raw_20260102_v001.h5/36,504445878
imap_idex_l0_raw_20260102_v001.h5/37,504452886
imap_idex_l0_raw_20260102_v001.h5/38,504454217
imap_idex_l0_raw_20260102_v001.h5/39,504456761
imap_idex_l0_raw_20260102_v001.h5/4,505008143
imap_idex_l0_raw_20260102_v001.h5/40,504467778
imap_idex_l0_raw_20260102_v001.h5/41,504475481
imap_idex_l0_raw_20260102_v001.h5/42,504477133
imap_idex_l0_raw_20260102_v001.h5/43,504485529
imap_idex_l0_raw_20260102_v001.h5/44,504492664
imap_idex_l0_raw_20260102_v001.h5/45,504493512
imap_idex_l0_raw_20260102_v001.h5/46,504502127
imap_idex_l0_raw_20260102_v001.h5/47,504520420
imap_idex_l0_raw_20260102_v001.h5/48,504522689
imap_idex_l0_raw_20260102_v001.h5/49,504555412
imap_idex_l0_raw_20260102_v001.h5/5,505008151
imap_idex_l0_raw_20260102_v001.h5/50,504557103
imap_idex_l0_raw_20260102_v001.h5/51,504560010
imap_idex_l0_raw_20260102_v001.h5/52,504569532
imap_idex_l0_raw_20260102_v001.h5/53,504588928
imap_idex_l0_raw_20260102_v001.h5/54,504600944
imap_idex_l0_raw_20260102_v001.h5/55,504601720
imap_idex_l0_raw_20260102_v001.h5/56,504613771
imap_idex_l0_raw_20260102_v001.h5/57,504615262
imap_idex_l0_raw_20260102_v001.h5/58,504616841
imap_idex_l0_raw_20260102_v001.h5/59,504619830
imap_idex_l0_raw_20260102_v001.h5/6,505008159
imap_idex_l0_raw_20260102_v001.h5/60,504621570
imap_idex_l0_raw_20260102_v001.h5/61,504632568
imap_idex_l0_raw_20260102_v001.h5/62,504644311
imap_idex_l0_raw_20260102_v001.h5/63,504645092
imap_idex_l0_raw_20260102_v001.h5/64,504651645
imap_idex_l0_raw_20260102_v001.h5/65,504659847
imap_idex_l0_raw_20260102_v001.h5/66,504669298
imap_idex_l0_raw_20260102_v001.h5/67,504682601
imap_idex_l0_raw_20260102_v001.h5/68,504683447
imap_idex_l0_raw_20260102_v001.h5/69,504685930
imap_idex_l0_raw_20260102_v001.h5/7,505008173
imap_idex_l0_raw_20260102_v001.h5/70,504697176
imap_idex_l0_raw_20260102_v001.h5/71,504716284
imap_idex_l0_raw_20260102_v001.h5/72,504722946
imap_idex_l0_raw_20260102_v001.h5/73,504723413
imap_idex_l0_raw_20260102_v001.h5/74,504729165
imap_idex_l0_raw_20260102_v001.h5/75,504734082
imap_idex_l0_raw_20260102_v001.h5/76,504734225
imap_idex_l0_raw_20260102_v001.h5/77,504735035
imap_idex_l0_raw_20260102_v001.h5/78,504735047
imap_idex_l0_raw_20260102_v001.h5/79,504735716
imap_idex_l0_raw_20260102_v001.h5/8,505008185
imap_idex_l0_raw_20260102_v001.h5/80,504739964
imap_idex_l0_raw_20260102_v001.h5/81,504742010
imap_idex_l0_raw_20260102_v001.h5/82,504745817
imap_idex_l0_raw_20260102_v001.h5/83,504753516
imap_idex_l0_raw_20260102_v001.h5/84,504757355
imap_idex_l0_raw_20260102_v001.h5/85,504764990
imap_idex_l0_raw_20260102_v001.h5/86,504771708
imap_idex_l0_raw_20260102_v001.h5/87,504774504
imap_idex_l0_raw_20260102_v001.h5/88,504779054
imap_idex_l0_raw_20260102_v001.h5/89,504783375
imap_idex_l0_raw_20260102_v001.h5/9,505008197
imap_idex_l0_raw_20260102_v001.h5/90,504798597
imap_idex_l0_raw_20260102_v001.h5/91,504800394
imap_idex_l0_raw_20260102_v001.h5/92,504816109
imap_idex_l0_raw_20260102_v001.h5/93,504831787
imap_idex_l0_raw_20260102_v001.h5/94,504833497
imap_idex_l0_raw_20260102_v001.h5/95,504845483
imap_idex_l0_raw_20260102_v001.h5/96,504863142
imap_idex_l0_raw_20260102_v001.h5/97,504868696
imap_idex_l0_raw_20260102_v001.h5/98,504868761
imap_idex_l0_raw_20260102_v001.h5/99,504884326
